{
  "config": {
    "runs": 1000,
    "startingUpgrades": {
      "vitality": 0,
      "fortune": 0,
      "preparation": 0,
      "resilience": 0,
      "firstClickSafety": false
    },
    "startingFloor": 1,
    "seed": null,
    "strategy": {
      "itemWeights": {
        "heal-potion": 0.5,
        "max-hp-up": 1,
        "shield-orb": 1,
        "gold-magnet": 3,
        "reveal-scroll": 0.6
      },
      "lowHpThreshold": 0.5,
      "lowHpHealMultiplier": 5,
      "noShieldMultiplier": 3,
      "goldReserve": 20,
      "upgradePriority": [
        "vitality",
        "resilience",
        "fortune",
        "firstClickSafety",
        "preparation"
      ]
    },
    "mode": "single",
    "sessions": 100,
    "runsPerSession": 20
  },
  "stats": {
    "runCount": 1000,
    "floorReached": {
      "mean": 11.196,
      "median": 8,
      "min": 1,
      "max": 36,
      "p10": 2,
      "p25": 4,
      "p75": 17,
      "p90": 24,
      "stdDev": 8.421376609557331
    },
    "deathsByFloor": {
      "1": 46,
      "2": 74,
      "3": 64,
      "4": 83,
      "5": 67,
      "6": 63,
      "7": 50,
      "8": 54,
      "9": 35,
      "10": 36,
      "11": 40,
      "12": 20,
      "13": 27,
      "14": 33,
      "15": 27,
      "16": 29,
      "17": 21,
      "18": 22,
      "19": 18,
      "20": 17,
      "21": 15,
      "22": 17,
      "23": 19,
      "24": 23,
      "25": 11,
      "26": 18,
      "27": 13,
      "28": 15,
      "29": 11,
      "30": 13,
      "31": 9,
      "32": 5,
      "33": 1,
      "34": 3,
      "36": 1
    },
    "goldPerRun": {
      "mean": 5509.514,
      "median": 2271,
      "min": 71,
      "max": 29641,
      "stdDev": 6585.041591045877
    },
    "goldPerFloor": {
      "1": {
        "mean": 83.458,
        "samples": 1000
      },
      "2": {
        "mean": 134.5587002096436,
        "samples": 954
      },
      "3": {
        "mean": 195.81136363636364,
        "samples": 880
      },
      "4": {
        "mean": 243.02573529411765,
        "samples": 816
      },
      "5": {
        "mean": 292.731241473397,
        "samples": 733
      },
      "6": {
        "mean": 338.8978978978979,
        "samples": 666
      },
      "7": {
        "mean": 388.47097844112767,
        "samples": 603
      },
      "8": {
        "mean": 437.01084990958407,
        "samples": 553
      },
      "9": {
        "mean": 497.7875751503006,
        "samples": 499
      },
      "10": {
        "mean": 566.0021551724138,
        "samples": 464
      },
      "11": {
        "mean": 634.4532710280374,
        "samples": 428
      },
      "12": {
        "mean": 700.6932989690722,
        "samples": 388
      },
      "13": {
        "mean": 733.2445652173913,
        "samples": 368
      },
      "14": {
        "mean": 766.6099706744868,
        "samples": 341
      },
      "15": {
        "mean": 811.0909090909091,
        "samples": 308
      },
      "16": {
        "mean": 864.5836298932385,
        "samples": 281
      },
      "17": {
        "mean": 894.436507936508,
        "samples": 252
      },
      "18": {
        "mean": 933.6709956709957,
        "samples": 231
      },
      "19": {
        "mean": 943.9090909090909,
        "samples": 209
      },
      "20": {
        "mean": 1033.3507853403141,
        "samples": 191
      },
      "21": {
        "mean": 1069.0804597701149,
        "samples": 174
      },
      "22": {
        "mean": 1051.8930817610062,
        "samples": 159
      },
      "23": {
        "mean": 1047.4788732394366,
        "samples": 142
      },
      "24": {
        "mean": 1073.0731707317073,
        "samples": 123
      },
      "25": {
        "mean": 1096.22,
        "samples": 100
      },
      "26": {
        "mean": 1070.2134831460673,
        "samples": 89
      },
      "27": {
        "mean": 1060.1830985915492,
        "samples": 71
      },
      "28": {
        "mean": 1093.5689655172414,
        "samples": 58
      },
      "29": {
        "mean": 1054.046511627907,
        "samples": 43
      },
      "30": {
        "mean": 1021.3125,
        "samples": 32
      },
      "31": {
        "mean": 1005.7894736842105,
        "samples": 19
      },
      "32": {
        "mean": 981.8,
        "samples": 10
      },
      "33": {
        "mean": 1083.2,
        "samples": 5
      },
      "34": {
        "mean": 1102,
        "samples": 4
      },
      "35": {
        "mean": 1366,
        "samples": 1
      },
      "36": {
        "mean": 1004,
        "samples": 1
      }
    },
    "itemPurchaseRate": {
      "shield-orb": 7.358,
      "heal-potion": 6.533,
      "reveal-scroll": 5.139,
      "max-hp-up": 5.025,
      "gold-magnet": 5.892
    },
    "itemPurchaseByFloor": {
      "shield-orb": {
        "1": 458,
        "2": 596,
        "3": 589,
        "4": 566,
        "5": 500,
        "6": 455,
        "7": 412,
        "8": 390,
        "9": 342,
        "10": 327,
        "11": 292,
        "12": 274,
        "13": 254,
        "14": 242,
        "15": 217,
        "16": 191,
        "17": 178,
        "18": 163,
        "19": 137,
        "20": 137,
        "21": 109,
        "22": 107,
        "23": 92,
        "24": 81,
        "25": 69,
        "26": 55,
        "27": 41,
        "28": 35,
        "29": 21,
        "30": 13,
        "31": 7,
        "32": 3,
        "33": 4,
        "35": 1
      },
      "heal-potion": {
        "1": 511,
        "2": 256,
        "3": 509,
        "4": 506,
        "5": 468,
        "6": 429,
        "7": 385,
        "8": 354,
        "9": 319,
        "10": 301,
        "11": 274,
        "12": 249,
        "13": 236,
        "14": 219,
        "15": 187,
        "16": 182,
        "17": 160,
        "18": 148,
        "19": 131,
        "20": 126,
        "21": 96,
        "22": 96,
        "23": 91,
        "24": 71,
        "25": 61,
        "26": 49,
        "27": 40,
        "28": 31,
        "29": 21,
        "30": 12,
        "31": 7,
        "32": 2,
        "33": 4,
        "34": 1,
        "35": 1
      },
      "reveal-scroll": {
        "1": 71,
        "2": 325,
        "3": 409,
        "4": 426,
        "5": 394,
        "6": 352,
        "7": 297,
        "8": 291,
        "9": 273,
        "10": 251,
        "11": 215,
        "12": 208,
        "13": 204,
        "14": 171,
        "15": 142,
        "16": 149,
        "17": 139,
        "18": 131,
        "19": 95,
        "20": 101,
        "21": 92,
        "22": 83,
        "23": 75,
        "24": 63,
        "25": 53,
        "26": 38,
        "27": 33,
        "28": 25,
        "29": 13,
        "30": 7,
        "31": 5,
        "32": 5,
        "33": 2,
        "34": 1
      },
      "max-hp-up": {
        "1": 58,
        "2": 287,
        "3": 411,
        "4": 422,
        "5": 352,
        "6": 345,
        "7": 322,
        "8": 286,
        "9": 241,
        "10": 250,
        "11": 234,
        "12": 202,
        "13": 199,
        "14": 176,
        "15": 143,
        "16": 144,
        "17": 138,
        "18": 118,
        "19": 104,
        "20": 102,
        "21": 86,
        "22": 80,
        "23": 69,
        "24": 62,
        "25": 51,
        "26": 35,
        "27": 32,
        "28": 26,
        "29": 20,
        "30": 14,
        "31": 8,
        "32": 4,
        "33": 2,
        "34": 1,
        "35": 1
      },
      "gold-magnet": {
        "1": 279,
        "2": 478,
        "3": 496,
        "4": 461,
        "5": 412,
        "6": 361,
        "7": 321,
        "8": 290,
        "9": 284,
        "10": 268,
        "11": 236,
        "12": 221,
        "13": 205,
        "14": 189,
        "15": 185,
        "16": 159,
        "17": 148,
        "18": 121,
        "19": 131,
        "20": 118,
        "21": 93,
        "22": 82,
        "23": 79,
        "24": 64,
        "25": 56,
        "26": 42,
        "27": 40,
        "28": 26,
        "29": 20,
        "30": 12,
        "31": 6,
        "32": 3,