{
  "config": {
    "runs": 10000,
    "startingUpgrades": {
      "vitality": 0,
      "fortune": 0,
      "preparation": 0,
      "resilience": 0,
      "firstClickSafety": false
    },
    "startingFloor": 1,
    "seed": null,
    "strategy": {
      "itemWeights": {
        "heal-potion": 0.5,
        "max-hp-up": 1,
        "shield-orb": 1,
        "gold-magnet": 3,
        "reveal-scroll": 0.6
      },
      "lowHpThreshold": 0.5,
      "lowHpHealMultiplier": 5,
      "noShieldMultiplier": 3,
      "goldReserve": 20,
      "upgradePriority": [
        "vitality",
        "resilience",
        "fortune",
        "firstClickSafety",
        "preparation"
      ]
    },
    "mode": "session",
    "sessions": 50,
    "runsPerSession": 30
  },
  "stats": {
    "runCount": 1500,
    "floorReached": {
      "mean": 12.088666666666667,
      "median": 10,
      "min": 1,
      "max": 36,
      "p10": 2,
      "p25": 5,
      "p75": 18,
      "p90": 26,
      "stdDev": 8.68344045999172
    },
    "deathsByFloor": {
      "1": 61,
      "2": 99,
      "3": 83,
      "4": 109,
      "5": 97,
      "6": 86,
      "7": 75,
      "8": 80,
      "9": 51,
      "10": 46,
      "11": 57,
      "12": 43,
      "13": 29,
      "14": 46,
      "15": 47,
      "16": 48,
      "17": 34,
      "18": 41,
      "19": 27,
      "20": 35,
      "21": 27,
      "22": 30,
      "23": 39,
      "24": 20,
      "25": 35,
      "26": 31,
      "27": 28,
      "28": 18,
      "29": 28,
      "30": 16,
      "31": 10,
      "32": 10,
      "33": 7,
      "34": 6,
      "36": 1
    },
    "goldPerRun": {
      "mean": 23394.28,
      "median": 8562,
      "min": 33,
      "max": 272753,
      "stdDev": 34287.429825349514
    },
    "goldPerFloor": {
      "1": {
        "mean": 448.742,
        "samples": 1500
      },
      "2": {
        "mean": 617.0757470465601,
        "samples": 1439
      },
      "3": {
        "mean": 751.5119402985075,
        "samples": 1340
      },
      "4": {
        "mean": 891.7541766109786,
        "samples": 1257
      },
      "5": {
        "mean": 1068.0905923344949,
        "samples": 1148
      },
      "6": {
        "mean": 1255.0266412940057,
        "samples": 1051
      },
      "7": {
        "mean": 1448.661139896373,
        "samples": 965
      },
      "8": {
        "mean": 1607.3955056179775,
        "samples": 890
      },
      "9": {
        "mean": 1894.937037037037,
        "samples": 810
      },
      "10": {
        "mean": 2114.1805006587615,
        "samples": 759
      },
      "11": {
        "mean": 2345.6844319775596,
        "samples": 713
      },
      "12": {
        "mean": 2688.4131097560976,
        "samples": 656
      },
      "13": {
        "mean": 2764.0375203915173,
        "samples": 613
      },
      "14": {
        "mean": 2933.792808219178,
        "samples": 584
      },
      "15": {
        "mean": 3127.446096654275,
        "samples": 538
      },
      "16": {
        "mean": 3240.2382892057026,
        "samples": 491
      },
      "17": {
        "mean": 3436.3814898419864,
        "samples": 443
      },
      "18": {
        "mean": 3431.1833740831294,
        "samples": 409
      },
      "19": {
        "mean": 3714.5271739130435,
        "samples": 368
      },
      "20": {
        "mean": 3867.4692082111437,
        "samples": 341
      },
      "21": {
        "mean": 3970.8137254901962,
        "samples": 306
      },
      "22": {
        "mean": 4113.308243727599,
        "samples": 279
      },
      "23": {
        "mean": 4088.759036144578,
        "samples": 249
      },
      "24": {
        "mean": 4100.085714285714,
        "samples": 210
      },
      "25": {
        "mean": 3782.963157894737,
        "samples": 190
      },
      "26": {
        "mean": 3653.3483870967743,
        "samples": 155
      },
      "27": {
        "mean": 3898.483870967742,
        "samples": 124
      },
      "28": {
        "mean": 3934.21875,
        "samples": 96
      },
      "29": {
        "mean": 3503.358974358974,
        "samples": 78
      },
      "30": {
        "mean": 3535.2,
        "samples": 50
      },
      "31": {
        "mean": 4103.411764705882,
        "samples": 34
      },
      "32": {
        "mean": 3418.4583333333335,
        "samples": 24
      },
      "33": {
        "mean": 3764.214285714286,
        "samples": 14
      },
      "34": {
        "mean": 3654.5714285714284,
        "samples": 7
      },
      "35": {
        "mean": 11526,
        "samples": 1
      },
      "36": {
        "mean": 11044,
        "samples": 1
      }
    },
    "itemPurchaseRate": {
      "gold-magnet": 6.762666666666667,
      "shield-orb": 8.368,
      "reveal-scroll": 6.110666666666667,
      "max-hp-up": 6.29,
      "heal-potion": 7.592
    },
    "itemPurchaseByFloor": {
      "gold-magnet": {
        "1": 799,
        "2": 778,
        "3": 754,
        "4": 703,
        "5": 662,
        "6": 598,
        "7": 529,
        "8": 500,
        "9": 473,
        "10": 442,
        "11": 413,
        "12": 367,
        "13": 380,
        "14": 339,
        "15": 310,
        "16": 274,
        "17": 233,
        "18": 231,
        "19": 217,
        "20": 198,
        "21": 181,
        "22": 161,
        "23": 139,
        "24": 117,
        "25": 84,
        "26": 74,
        "27": 58,
        "28": 48,
        "29": 29,
        "30": 24,
        "31": 12,
        "32": 9,
        "33": 6,
        "34": 1,
        "35": 1
      },
      "shield-orb": {
        "1": 974,
        "2": 996,
        "3": 939,
        "4": 877,
        "5": 803,
        "6": 719,
        "7": 672,
        "8": 638,
        "9": 579,
        "10": 553,
        "11": 506,
        "12": 482,
        "13": 453,
        "14": 404,
        "15": 367,
        "16": 348,
        "17": 325,
        "18": 282,
        "19": 249,
        "20": 237,
        "21": 216,
        "22": 190,
        "23": 163,
        "24": 147,
        "25": 104,
        "26": 99,
        "27": 69,
        "28": 65,
        "29": 36,
        "30": 29,
        "31": 14,
        "32": 9,
        "33": 6,
        "34": 1,
        "35": 1
      },
      "reveal-scroll": {
        "1": 688,
        "2": 689,
        "3": 696,
        "4": 643,
        "5": 602,
        "6": 536,
        "7": 508,
        "8": 430,
        "9": 434,
        "10": 408,
        "11": 370,
        "12": 355,
        "13": 323,
        "14": 292,
        "15": 273,
        "16": 271,
        "17": 237,
        "18": 214,
        "19": 185,
        "20": 173,
        "21": 149,
        "22": 142,
        "23": 107,
        "24": 119,
        "25": 77,
        "26": 67,
        "27": 50,
        "28": 54,
        "29": 27,
        "30": 21,
        "31": 11,
        "32": 9,
        "33": 4,
        "34": 1,
        "35": 1
      },
      "max-hp-up": {
        "1": 636,
        "2": 764,
        "3": 694,
        "4": 693,
        "5": 570,
        "6": 569,
        "7": 532,
        "8": 487,
        "9": 418,
        "10": 403,
        "11": 400,
        "12": 369,
        "13": 340,
        "14": 303,
        "15": 287,
        "16": 276,
        "17": 251,
        "18": 204,
        "19": 190,
        "20": 174,
        "21": 149,
        "22": 127,
        "23": 136,
        "24": 111,
        "25": 88,
        "26": 79,
        "27": 61,
        "28": 55,
        "29": 23,
        "30": 21,
        "31": 11,
        "32": 8,
        "33": 6
      },
      "heal-potion": {
        "1": 791,
        "2": 865,
        "3": 847,
        "4": 805,
        "5": 738,
        "6": 673,
        "7": 620,
        "8": 578,
        "9": 522,
        "10": 506,
        "11": 475,
        "12": 439,
        "13": 410,
        "14": 377,
        "15": 335,
        "16": 325,
        "17": 295,
        "18": 268,
        "19": 232,
        "20": 221,
        "21": 187,
        "22": 179,
        "23": 154,
        "24": 140,
        "25": 98,