{
  "config": {
    "runs": 10000,
    "startingUpgrades": {
      "vitality": 0,
      "fortune": 0,
      "preparation": 0,
      "resilience": 0,
      "firstClickSafety": false
    },
    "startingFloor": 1,
    "seed": null,
    "strategy": {
      "itemWeights": {
        "heal-potion": 0.5,
        "max-hp-up": 1,
        "shield-orb": 1,
        "gold-magnet": 3,
        "reveal-scroll": 0.6
      },
      "lowHpThreshold": 0.5,
      "lowHpHealMultiplier": 5,
      "noShieldMultiplier": 3,
      "goldReserve": 20,
      "upgradePriority": [
        "vitality",
        "resilience",
        "fortune",
        "firstClickSafety",
        "preparation"
      ]
    },
    "mode": "session",
    "sessions": 100,
    "runsPerSession": 20
  },
  "stats": {
    "runCount": 2000,
    "floorReached": {
      "mean": 11.977,
      "median": 9,
      "min": 1,
      "max": 38,
      "p10": 2,
      "p25": 5,
      "p75": 18,
      "p90": 26,
      "stdDev": 8.785583133748164
    },
    "deathsByFloor": {
      "1": 93,
      "2": 129,
      "3": 122,
      "4": 146,
      "5": 117,
      "6": 112,
      "7": 115,
      "8": 94,
      "9": 96,
      "10": 69,
      "11": 61,
      "12": 49,
      "13": 49,
      "14": 45,
      "15": 53,
      "16": 51,
      "17": 65,
      "18": 38,
      "19": 42,
      "20": 45,
      "21": 50,
      "22": 35,
      "23": 39,
      "24": 29,
      "25": 28,
      "26": 48,
      "27": 39,
      "28": 33,
      "29": 30,
      "30": 28,
      "31": 20,
      "32": 16,
      "33": 5,
      "34": 4,
      "35": 2,
      "36": 2,
      "38": 1
    },
    "goldPerRun": {
      "mean": 13929.463,
      "median": 5987,
      "min": 71,
      "max": 163164,
      "stdDev": 19205.90006273152
    },
    "goldPerFloor": {
      "1": {
        "mean": 232.24,
        "samples": 2000
      },
      "2": {
        "mean": 384.7330886208705,
        "samples": 1907
      },
      "3": {
        "mean": 478.6282339707537,
        "samples": 1778
      },
      "4": {
        "mean": 581.2958937198067,
        "samples": 1656
      },
      "5": {
        "mean": 666.5350993377483,
        "samples": 1510
      },
      "6": {
        "mean": 771.5987078248385,
        "samples": 1393
      },
      "7": {
        "mean": 868.7892271662763,
        "samples": 1281
      },
      "8": {
        "mean": 992.9922813036021,
        "samples": 1166
      },
      "9": {
        "mean": 1150.5559701492537,
        "samples": 1072
      },
      "10": {
        "mean": 1291.6782786885246,
        "samples": 976
      },
      "11": {
        "mean": 1435.9581036383684,
        "samples": 907
      },
      "12": {
        "mean": 1579.7801418439717,
        "samples": 846
      },
      "13": {
        "mean": 1634.6235884567127,
        "samples": 797
      },
      "14": {
        "mean": 1723.4745989304813,
        "samples": 748
      },
      "15": {
        "mean": 1846.6315789473683,
        "samples": 703
      },
      "16": {
        "mean": 1893.3692307692309,
        "samples": 650
      },
      "17": {
        "mean": 1989.5308848080133,
        "samples": 599
      },
      "18": {
        "mean": 2075.5318352059926,
        "samples": 534
      },
      "19": {
        "mean": 2125.4758064516127,
        "samples": 496
      },
      "20": {
        "mean": 2231.5969162995593,
        "samples": 454
      },
      "21": {
        "mean": 2382.5770171149143,
        "samples": 409
      },
      "22": {
        "mean": 2384.74930362117,
        "samples": 359
      },
      "23": {
        "mean": 2458.3888888888887,
        "samples": 324
      },
      "24": {
        "mean": 2506.0947368421052,
        "samples": 285
      },
      "25": {
        "mean": 2354.09765625,
        "samples": 256
      },
      "26": {
        "mean": 2228.565789473684,
        "samples": 228
      },
      "27": {
        "mean": 2386.6555555555556,
        "samples": 180
      },
      "28": {
        "mean": 2222.1063829787236,
        "samples": 141
      },
      "29": {
        "mean": 2310.1388888888887,
        "samples": 108
      },
      "30": {
        "mean": 2235.974358974359,
        "samples": 78
      },
      "31": {
        "mean": 2340.16,
        "samples": 50
      },
      "32": {
        "mean": 2090.7,
        "samples": 30
      },
      "33": {
        "mean": 2206.5,
        "samples": 14
      },
      "34": {
        "mean": 1987.5555555555557,
        "samples": 9
      },
      "35": {
        "mean": 1820.4,
        "samples": 5
      },
      "36": {
        "mean": 2844.3333333333335,
        "samples": 3
      },
      "37": {
        "mean": 4595,
        "samples": 1
      },
      "38": {
        "mean": 4158,
        "samples": 1
      }
    },
    "itemPurchaseRate": {
      "reveal-scroll": 6.041,
      "heal-potion": 7.4275,
      "shield-orb": 8.2885,
      "gold-magnet": 6.6775,
      "max-hp-up": 6.135
    },
    "itemPurchaseByFloor": {
      "reveal-scroll": {
        "1": 802,
        "2": 917,
        "3": 884,
        "4": 874,
        "5": 759,
        "6": 746,
        "7": 661,
        "8": 613,
        "9": 563,
        "10": 527,
        "11": 478,
        "12": 457,
        "13": 417,
        "14": 405,
        "15": 378,
        "16": 342,
        "17": 314,
        "18": 284,
        "19": 262,
        "20": 230,
        "21": 199,
        "22": 176,
        "23": 166,
        "24": 146,
        "25": 117,
        "26": 104,
        "27": 85,
        "28": 68,
        "29": 47,
        "30": 27,
        "31": 15,
        "32": 10,
        "33": 2,
        "34": 4,
        "35": 2,
        "37": 1
      },
      "heal-potion": {
        "1": 929,
        "2": 1086,
        "3": 1118,
        "4": 1039,
        "5": 966,
        "6": 888,
        "7": 826,
        "8": 750,
        "9": 688,
        "10": 634,
        "11": 603,
        "12": 596,
        "13": 518,
        "14": 501,
        "15": 462,
        "16": 417,
        "17": 373,
        "18": 341,
        "19": 341,
        "20": 307,
        "21": 265,
        "22": 218,
        "23": 209,
        "24": 177,
        "25": 154,
        "26": 144,
        "27": 97,
        "28": 71,
        "29": 54,
        "30": 37,
        "31": 24,
        "32": 11,
        "33": 4,
        "34": 4,
        "35": 2,
        "37": 1
      },
      "shield-orb": {
        "1": 1261,
        "2": 1327,
        "3": 1229,
        "4": 1164,
        "5": 1045,
        "6": 961,
        "7": 891,
        "8": 840,
        "9": 761,
        "10": 690,
        "11": 660,
        "12": 629,
        "13": 572,
        "14": 544,
        "15": 501,
        "16": 465,
        "17": 414,
        "18": 359,
        "19": 359,
        "20": 309,
        "21": 278,
        "22": 246,
        "23": 225,
        "24": 195,
        "25": 174,
        "26": 145,
        "27": 108,
        "28": 79,
        "29": 60,
        "30": 38,
        "31": 22,
        "32": 12,
        "33": 6,
        "34": 3,
        "35": 3,
        "36": 1,
        "37": 1
      },
      "gold-magnet": {
        "1": 1025,
        "2": 1063,
        "3": 1052,
        "4": 918,
        "5": 857,
        "6": 747,
        "7": 687,
        "8": 667,
        "9": 611,
        "10": 575,
        "11": 543,
        "12": 489,
        "13": 457,
        "14": 438,
        "15": 392,
        "16": 366,
        "17": 327,
        "18": 308,
        "19": 288,
        "20": 261,
        "21": 214,
        "22": 202,
        "23": 194,
        "24": 155,
        "25": 130,
        "26": 117,
        "27": 80,
        "28": 70,
        "29": 47,
        "30": 32,
        "31": 21,
        "32": 10,
        "33": 5,
        "34": 2,
        "35": 3,
        "36": 1,
        "37": 1
      },
      "max-hp-up": {
        "1": 717,
        "2": 957,
        "3": 923,
        "4": 862,
        "5": 812,
        "6": 750,
        "7": 682,
        "8": 630,
        "9": 577,
        "10": 517,