{
  "config": {
    "runs": 10000,
    "startingUpgrades": {
      "vitality": 0,
      "fortune": 0,
      "preparation": 0,
      "resilience": 0,
      "firstClickSafety": false
    },
    "startingFloor": 1,
    "seed": null,
    "strategy": {
      "itemWeights": {
        "heal-potion": 0.5,
        "max-hp-up": 1,
        "shield-orb": 1,
        "gold-magnet": 3,
        "reveal-scroll": 0.6
      },
      "lowHpThreshold": 0.5,
      "lowHpHealMultiplier": 5,
      "noShieldMultiplier": 3,
      "goldReserve": 20,
      "upgradePriority": [
        "vitality",
        "resilience",
        "fortune",
        "firstClickSafety",
        "preparation"
      ]
    },
    "mode": "session",
    "sessions": 100,
    "runsPerSession": 20
  },
  "stats": {
    "runCount": 2000,
    "floorReached": {
      "mean": 11.9355,
      "median": 10,
      "min": 1,
      "max": 38,
      "p10": 2,
      "p25": 5,
      "p75": 18,
      "p90": 26,
      "stdDev": 8.53254591256325
    },
    "deathsByFloor": {
      "1": 77,
      "2": 125,
      "3": 116,
      "4": 152,
      "5": 119,
      "6": 105,
      "7": 103,
      "8": 93,
      "9": 82,
      "10": 93,
      "11": 75,
      "12": 59,
      "13": 59,
      "14": 62,
      "15": 68,
      "16": 65,
      "17": 39,
      "18": 58,
      "19": 36,
      "20": 34,
      "21": 43,
      "22": 33,
      "23": 33,
      "24": 30,
      "25": 37,
      "26": 35,
      "27": 35,
      "28": 28,
      "29": 37,
      "30": 20,
      "31": 16,
      "32": 15,
      "33": 9,
      "34": 6,
      "35": 1,
      "36": 1,
      "38": 1
    },
    "goldPerRun": {
      "mean": 48215.6085,
      "median": 22833,
      "min": 72,
      "max": 260436,
      "stdDev": 57107.87363568381
    },
    "goldPerFloor": {
      "1": {
        "mean": 1176.4845,
        "samples": 2000
      },
      "2": {
        "mean": 1395.0348413936558,
        "samples": 1923
      },
      "3": {
        "mean": 1678.6446051167964,
        "samples": 1798
      },
      "4": {
        "mean": 1987.8305588585017,
        "samples": 1682
      },
      "5": {
        "mean": 2354.086274509804,
        "samples": 1530
      },
      "6": {
        "mean": 2736.459957476967,
        "samples": 1411
      },
      "7": {
        "mean": 3140.507656967841,
        "samples": 1306
      },
      "8": {
        "mean": 3607.4613466334163,
        "samples": 1203
      },
      "9": {
        "mean": 4059.2639639639638,
        "samples": 1110
      },
      "10": {
        "mean": 4483.065175097277,
        "samples": 1028
      },
      "11": {
        "mean": 5077.607486631016,
        "samples": 935
      },
      "12": {
        "mean": 5619.3616279069765,
        "samples": 860
      },
      "13": {
        "mean": 5867.561797752809,
        "samples": 801
      },
      "14": {
        "mean": 6230.521563342318,
        "samples": 742
      },
      "15": {
        "mean": 6520.620588235294,
        "samples": 680
      },
      "16": {
        "mean": 6627.8790849673205,
        "samples": 612
      },
      "17": {
        "mean": 6903.162705667276,
        "samples": 547
      },
      "18": {
        "mean": 7159.092519685039,
        "samples": 508
      },
      "19": {
        "mean": 7322.851111111111,
        "samples": 450
      },
      "20": {
        "mean": 7674.458937198067,
        "samples": 414
      },
      "21": {
        "mean": 8158.0526315789475,
        "samples": 380
      },
      "22": {
        "mean": 8319.922848664688,
        "samples": 337
      },
      "23": {
        "mean": 7972.016447368421,
        "samples": 304
      },
      "24": {
        "mean": 8006.114391143911,
        "samples": 271
      },
      "25": {
        "mean": 8077.165975103734,
        "samples": 241
      },
      "26": {
        "mean": 7900.343137254902,
        "samples": 204
      },
      "27": {
        "mean": 7815.242603550296,
        "samples": 169
      },
      "28": {
        "mean": 8040.537313432836,
        "samples": 134
      },
      "29": {
        "mean": 8185.301886792453,
        "samples": 106
      },
      "30": {
        "mean": 7979.449275362319,
        "samples": 69
      },
      "31": {
        "mean": 7755.469387755102,
        "samples": 49
      },
      "32": {
        "mean": 7661.090909090909,
        "samples": 33
      },
      "33": {
        "mean": 8002.611111111111,
        "samples": 18
      },
      "34": {
        "mean": 6816.444444444444,
        "samples": 9
      },
      "35": {
        "mean": 4756.666666666667,
        "samples": 3
      },
      "36": {
        "mean": 4158.5,
        "samples": 2
      },
      "37": {
        "mean": 1577,
        "samples": 1
      },
      "38": {
        "mean": 2376,
        "samples": 1
      }
    },
    "itemPurchaseRate": {
      "gold-magnet": 6.7055,
      "shield-orb": 8.353,
      "max-hp-up": 6.255,
      "heal-potion": 7.633,
      "reveal-scroll": 6.1325
    },
    "itemPurchaseByFloor": {
      "gold-magnet": {
        "1": 1164,
        "2": 1092,
        "3": 1018,
        "4": 921,
        "5": 873,
        "6": 806,
        "7": 754,
        "8": 691,
        "9": 615,
        "10": 571,
        "11": 536,
        "12": 489,
        "13": 463,
        "14": 442,
        "15": 377,
        "16": 333,
        "17": 314,
        "18": 263,
        "19": 252,
        "20": 248,
        "21": 212,
        "22": 172,
        "23": 165,
        "24": 151,
        "25": 121,
        "26": 101,
        "27": 88,
        "28": 68,
        "29": 43,
        "30": 27,
        "31": 20,
        "32": 12,
        "33": 6,
        "34": 1,
        "35": 1,
        "37": 1
      },
      "shield-orb": {
        "1": 1440,
        "2": 1369,
        "3": 1284,
        "4": 1154,
        "5": 1053,
        "6": 1005,
        "7": 935,
        "8": 850,
        "9": 789,
        "10": 708,
        "11": 647,
        "12": 607,
        "13": 578,
        "14": 531,
        "15": 470,
        "16": 424,
        "17": 385,
        "18": 334,
        "19": 337,
        "20": 302,
        "21": 263,
        "22": 242,
        "23": 217,
        "24": 182,
        "25": 150,
        "26": 124,
        "27": 103,
        "28": 85,
        "29": 47,
        "30": 42,
        "31": 22,
        "32": 13,
        "33": 7,
        "34": 3,
        "35": 2,
        "36": 1,
        "37": 1
      },
      "max-hp-up": {
        "1": 1048,
        "2": 973,
        "3": 993,
        "4": 862,
        "5": 831,
        "6": 754,
        "7": 694,
        "8": 642,
        "9": 590,
        "10": 527,
        "11": 474,
        "12": 483,
        "13": 429,
        "14": 389,
        "15": 356,
        "16": 329,
        "17": 294,
        "18": 251,
        "19": 249,
        "20": 213,
        "21": 194,
        "22": 184,
        "23": 157,
        "24": 147,
        "25": 105,
        "26": 94,
        "27": 82,
        "28": 63,
        "29": 37,
        "30": 31,
        "31": 17,
        "32": 9,
        "33": 3,
        "34": 3,
        "35": 2,
        "36": 1
      },
      "heal-potion": {
        "1": 1325,
        "2": 1177,
        "3": 1201,
        "4": 1054,
        "5": 1006,
        "6": 910,
        "7": 848,
        "8": 779,
        "9": 705,
        "10": 655,
        "11": 609,
        "12": 557,
        "13": 537,
        "14": 474,
        "15": 424,
        "16": 393,
        "17": 365,
        "18": 305,
        "19": 303,
        "20": 275,
        "21": 236,
        "22": 214,
        "23": 192,
        "24": 162,
        "25": 140,
        "26": 117,
        "27": 94,
        "28": 82,
        "29": 47,
        "30": 40,
        "31": 20,
        "32": 9,
        "33": 5,
        "34": 2,
        "35": 2,
        "36": 1,
        "37": 1
      },
      "reveal-scroll": {
        "1": 1032,
        "2": 978,
        "3": 931,
        "4": 834,
        "5": 794,
        "6": 752,
        "7": 655,
        "8": 626,