{
  "config": {
    "runs": 10000,
    "startingUpgrades": {
      "vitality": 0,
      "fortune": 0,
      "preparation": 0,
      "resilience": 0,
      "firstClickSafety": false
    },
    "startingFloor": 1,
    "seed": null,
    "strategy": {
      "itemWeights": {
        "heal-potion": 0.5,
        "max-hp-up": 1,
        "shield-orb": 1,
        "gold-magnet": 3,
        "reveal-scroll": 0.6
      },
      "lowHpThreshold": 0.5,
      "lowHpHealMultiplier": 5,
      "noShieldMultiplier": 3,
      "goldReserve": 20,
      "upgradePriority": [
        "vitality",
        "resilience",
        "fortune",
        "firstClickSafety",
        "preparation"
      ]
    },
    "mode": "session",
    "sessions": 50,
    "runsPerSession": 50
  },
  "stats": {
    "runCount": 2500,
    "floorReached": {
      "mean": 11.914,
      "median": 10,
      "min": 1,
      "max": 36,
      "p10": 2,
      "p25": 5,
      "p75": 18,
      "p90": 26,
      "stdDev": 8.513812541981414
    },
    "deathsByFloor": {
      "1": 115,
      "2": 144,
      "3": 171,
      "4": 151,
      "5": 135,
      "6": 138,
      "7": 117,
      "8": 140,
      "9": 106,
      "10": 114,
      "11": 96,
      "12": 70,
      "13": 72,
      "14": 92,
      "15": 76,
      "16": 74,
      "17": 59,
      "18": 70,
      "19": 53,
      "20": 52,
      "21": 39,
      "22": 40,
      "23": 44,
      "24": 37,
      "25": 39,
      "26": 34,
      "27": 51,
      "28": 42,
      "29": 42,
      "30": 26,
      "31": 24,
      "32": 15,
      "33": 10,
      "34": 9,
      "35": 2,
      "36": 1
    },
    "goldPerRun": {
      "mean": 34473.7644,
      "median": 14146,
      "min": 72,
      "max": 254617,
      "stdDev": 47579.22164594215
    },
    "goldPerFloor": {
      "1": {
        "mean": 836.6544,
        "samples": 2500
      },
      "2": {
        "mean": 975.9572327044025,
        "samples": 2385
      },
      "3": {
        "mean": 1203.5265506470325,
        "samples": 2241
      },
      "4": {
        "mean": 1429.3507246376812,
        "samples": 2070
      },
      "5": {
        "mean": 1673.479937467431,
        "samples": 1919
      },
      "6": {
        "mean": 1935.5229820627803,
        "samples": 1784
      },
      "7": {
        "mean": 2213.7108140947753,
        "samples": 1646
      },
      "8": {
        "mean": 2543.482014388489,
        "samples": 1529
      },
      "9": {
        "mean": 2929.106551475882,
        "samples": 1389
      },
      "10": {
        "mean": 3237.561184723305,
        "samples": 1283
      },
      "11": {
        "mean": 3615.5483319076134,
        "samples": 1169
      },
      "12": {
        "mean": 3983.026095060578,
        "samples": 1073
      },
      "13": {
        "mean": 4206.534396809571,
        "samples": 1003
      },
      "14": {
        "mean": 4441.599355531686,
        "samples": 931
      },
      "15": {
        "mean": 4479.505363528009,
        "samples": 839
      },
      "16": {
        "mean": 4727.069462647444,
        "samples": 763
      },
      "17": {
        "mean": 4744.253991291727,
        "samples": 689
      },
      "18": {
        "mean": 5064.077777777778,
        "samples": 630
      },
      "19": {
        "mean": 5310.282142857143,
        "samples": 560
      },
      "20": {
        "mean": 5497.426035502958,
        "samples": 507
      },
      "21": {
        "mean": 5761.778021978022,
        "samples": 455
      },
      "22": {
        "mean": 6153.65625,
        "samples": 416
      },
      "23": {
        "mean": 5875.093085106383,
        "samples": 376
      },
      "24": {
        "mean": 5873.725903614458,
        "samples": 332
      },
      "25": {
        "mean": 5936.637288135593,
        "samples": 295
      },
      "26": {
        "mean": 5880.95703125,
        "samples": 256
      },
      "27": {
        "mean": 6344.22972972973,
        "samples": 222
      },
      "28": {
        "mean": 6136.748538011696,
        "samples": 171
      },
      "29": {
        "mean": 6149.418604651163,
        "samples": 129
      },
      "30": {
        "mean": 6006.080459770115,
        "samples": 87
      },
      "31": {
        "mean": 6606.360655737705,
        "samples": 61
      },
      "32": {
        "mean": 6403.189189189189,
        "samples": 37
      },
      "33": {
        "mean": 6126.318181818182,
        "samples": 22
      },
      "34": {
        "mean": 6738.166666666667,
        "samples": 12
      },
      "35": {
        "mean": 4629,
        "samples": 3
      },
      "36": {
        "mean": 9475,
        "samples": 1
      }
    },
    "itemPurchaseRate": {
      "shield-orb": 8.2968,
      "heal-potion": 7.5204,
      "max-hp-up": 6.2392,
      "reveal-scroll": 6.1084,
      "gold-magnet": 6.6228
    },
    "itemPurchaseByFloor": {
      "shield-orb": {
        "1": 1700,
        "2": 1692,
        "3": 1600,
        "4": 1486,
        "5": 1390,
        "6": 1242,
        "7": 1161,
        "8": 1070,
        "9": 974,
        "10": 903,
        "11": 802,
        "12": 758,
        "13": 714,
        "14": 638,
        "15": 574,
        "16": 522,
        "17": 469,
        "18": 441,
        "19": 393,
        "20": 337,
        "21": 325,
        "22": 279,
        "23": 260,
        "24": 224,
        "25": 188,
        "26": 177,
        "27": 139,
        "28": 105,
        "29": 75,
        "30": 42,
        "31": 28,
        "32": 19,
        "33": 12,
        "34": 2,
        "35": 1
      },
      "heal-potion": {
        "1": 1449,
        "2": 1500,
        "3": 1439,
        "4": 1351,
        "5": 1266,
        "6": 1139,
        "7": 1065,
        "8": 968,
        "9": 883,
        "10": 835,
        "11": 745,
        "12": 703,
        "13": 660,
        "14": 578,
        "15": 543,
        "16": 469,
        "17": 427,
        "18": 395,
        "19": 358,
        "20": 324,
        "21": 312,
        "22": 254,
        "23": 239,
        "24": 210,
        "25": 167,
        "26": 152,
        "27": 128,
        "28": 91,
        "29": 63,
        "30": 40,
        "31": 25,
        "32": 12,
        "33": 9,
        "34": 2
      },
      "max-hp-up": {
        "1": 1206,
        "2": 1265,
        "3": 1232,
        "4": 1103,
        "5": 1050,
        "6": 945,
        "7": 891,
        "8": 818,
        "9": 727,
        "10": 685,
        "11": 588,
        "12": 594,
        "13": 553,
        "14": 489,
        "15": 428,
        "16": 404,
        "17": 367,
        "18": 307,
        "19": 294,
        "20": 256,
        "21": 245,
        "22": 201,
        "23": 203,
        "24": 177,
        "25": 144,
        "26": 128,
        "27": 96,
        "28": 82,
        "29": 48,
        "30": 24,
        "31": 26,
        "32": 13,
        "33": 8,
        "34": 1
      },
      "reveal-scroll": {
        "1": 1190,
        "2": 1197,
        "3": 1150,
        "4": 1108,
        "5": 1034,
        "6": 948,
        "7": 888,
        "8": 781,
        "9": 703,
        "10": 681,
        "11": 613,
        "12": 564,
        "13": 533,
        "14": 476,
        "15": 430,
        "16": 386,
        "17": 361,
        "18": 334,
        "19": 272,
        "20": 266,
        "21": 237,
        "22": 200,
        "23": 192,
        "24": 166,
        "25": 135,
        "26": 119,
        "27": 111,
        "28": 73,
        "29": 49,
        "30": 32,
        "31": 20,
        "32": 13,
        "33": 7,
        "34": 2
      },
      "gold-magnet": {
        "1": 1398,
        "2": 1368,
        "3": 1259,
        "4": 1156,
        "5": 1110,
        "6": 970,
        "7": 923,
        "8": 856,
        "9": 782,
        "10": 709,
        "11": 658,
        "12": 615,
        "13": 571,
        "14": 502,
        "15": 487,
        "16": 405,
        "17": 388,
        "18": 345,
        "19": 305,
        "20": 284,
        "21": 269,
        "22": 228,
        "23": 195,
        "24": 174,