{
  "config": {
    "runs": 1000,
    "startingUpgrades": {
      "vitality": 0,
      "fortune": 0,
      "preparation": 0,
      "resilience": 0,
      "firstClickSafety": false
    },
    "startingFloor": 1,
    "seed": null,
    "strategy": {
      "itemWeights": {
        "heal-potion": 0.5,
        "max-hp-up": 1,
        "shield-orb": 1,
        "gold-magnet": 3,
        "reveal-scroll": 0.6
      },
      "lowHpThreshold": 0.5,
      "lowHpHealMultiplier": 5,
      "noShieldMultiplier": 3,
      "goldReserve": 20,
      "upgradePriority": [
        "vitality",
        "resilience",
        "fortune",
        "firstClickSafety",
        "preparation"
      ]
    },
    "mode": "single",
    "sessions": 100,
    "runsPerSession": 20
  },
  "stats": {
    "runCount": 1000,
    "floorReached": {
      "mean": 11.498,
      "median": 9,
      "min": 1,
      "max": 38,
      "p10": 2,
      "p25": 4,
      "p75": 18,
      "p90": 25,
      "stdDev": 8.697815587835837
    },
    "deathsByFloor": {
      "1": 59,
      "2": 83,
      "3": 54,
      "4": 71,
      "5": 58,
      "6": 65,
      "7": 51,
      "8": 47,
      "9": 37,
      "10": 25,
      "11": 31,
      "12": 33,
      "13": 32,
      "14": 22,
      "15": 32,
      "16": 26,
      "17": 19,
      "18": 19,
      "19": 20,
      "20": 31,
      "21": 26,
      "22": 18,
      "23": 11,
      "24": 20,
      "25": 14,
      "26": 16,
      "27": 19,
      "28": 15,
      "29": 12,
      "30": 12,
      "31": 7,
      "32": 4,
      "33": 3,
      "34": 3,
      "35": 2,
      "36": 1,
      "37": 1,
      "38": 1
    },
    "goldPerRun": {
      "mean": 5769.904,
      "median": 2442,
      "min": 70,
      "max": 30237,
      "stdDev": 6749.654953757565
    },
    "goldPerFloor": {
      "1": {
        "mean": 83.297,
        "samples": 1000
      },
      "2": {
        "mean": 135.3432518597237,
        "samples": 941
      },
      "3": {
        "mean": 195.0990675990676,
        "samples": 858
      },
      "4": {
        "mean": 243.31094527363183,
        "samples": 804
      },
      "5": {
        "mean": 294.01773533424284,
        "samples": 733
      },
      "6": {
        "mean": 336.26222222222225,
        "samples": 675
      },
      "7": {
        "mean": 391.9934426229508,
        "samples": 610
      },
      "8": {
        "mean": 444.08050089445436,
        "samples": 559
      },
      "9": {
        "mean": 506.958984375,
        "samples": 512
      },
      "10": {
        "mean": 568.7052631578947,
        "samples": 475
      },
      "11": {
        "mean": 637.4111111111112,
        "samples": 450
      },
      "12": {
        "mean": 707.0429594272076,
        "samples": 419
      },
      "13": {
        "mean": 739.0388601036269,
        "samples": 386
      },
      "14": {
        "mean": 770.7062146892655,
        "samples": 354
      },
      "15": {
        "mean": 811.3192771084338,
        "samples": 332
      },
      "16": {
        "mean": 853.47,
        "samples": 300
      },
      "17": {
        "mean": 896.9744525547445,
        "samples": 274
      },
      "18": {
        "mean": 907.2901960784313,
        "samples": 255
      },
      "19": {
        "mean": 953.1567796610169,
        "samples": 236
      },
      "20": {
        "mean": 968.1111111111111,
        "samples": 216
      },
      "21": {
        "mean": 1011.0702702702703,
        "samples": 185
      },
      "22": {
        "mean": 1047.0817610062893,
        "samples": 159
      },
      "23": {
        "mean": 1051.241134751773,
        "samples": 141
      },
      "24": {
        "mean": 1083.1692307692308,
        "samples": 130
      },
      "25": {
        "mean": 1065.6363636363637,
        "samples": 110
      },
      "26": {
        "mean": 1060.6354166666667,
        "samples": 96
      },
      "27": {
        "mean": 1076.125,
        "samples": 80
      },
      "28": {
        "mean": 1036.1147540983607,
        "samples": 61
      },
      "29": {
        "mean": 1009.3695652173913,
        "samples": 46
      },
      "30": {
        "mean": 1018.7941176470588,
        "samples": 34
      },
      "31": {
        "mean": 1033.9545454545455,
        "samples": 22
      },
      "32": {
        "mean": 1023.2666666666667,
        "samples": 15
      },
      "33": {
        "mean": 1031.4545454545455,
        "samples": 11
      },
      "34": {
        "mean": 975.75,
        "samples": 8
      },
      "35": {
        "mean": 818.2,
        "samples": 5
      },
      "36": {
        "mean": 1245.3333333333333,
        "samples": 3
      },
      "37": {
        "mean": 684,
        "samples": 2
      },
      "38": {
        "mean": 496,
        "samples": 1
      }
    },
    "itemPurchaseRate": {
      "max-hp-up": 5.365,
      "heal-potion": 6.727,
      "shield-orb": 7.741,
      "gold-magnet": 6.055,
      "reveal-scroll": 5.164
    },
    "itemPurchaseByFloor": {
      "max-hp-up": {
        "1": 70,
        "2": 297,
        "3": 387,
        "4": 409,
        "5": 387,
        "6": 355,
        "7": 319,
        "8": 316,
        "9": 294,
        "10": 241,
        "11": 249,
        "12": 233,
        "13": 201,
        "14": 195,
        "15": 187,
        "16": 156,
        "17": 150,
        "18": 149,
        "19": 124,
        "20": 119,
        "21": 92,
        "22": 77,
        "23": 78,
        "24": 54,
        "25": 55,
        "26": 41,
        "27": 46,
        "28": 23,
        "29": 21,
        "30": 9,
        "31": 11,
        "32": 7,
        "33": 4,
        "34": 4,
        "35": 3,
        "36": 2
      },
      "heal-potion": {
        "1": 484,
        "2": 276,
        "3": 488,
        "4": 460,
        "5": 494,
        "6": 418,
        "7": 388,
        "8": 364,
        "9": 354,
        "10": 304,
        "11": 292,
        "12": 259,
        "13": 249,
        "14": 239,
        "15": 222,
        "16": 185,
        "17": 174,
        "18": 158,
        "19": 147,
        "20": 133,
        "21": 117,
        "22": 92,
        "23": 91,
        "24": 73,
        "25": 76,
        "26": 52,
        "27": 37,
        "28": 34,
        "29": 22,
        "30": 15,
        "31": 8,
        "32": 8,
        "33": 6,
        "34": 3,
        "35": 3,
        "36": 2
      },
      "shield-orb": {
        "1": 441,
        "2": 635,
        "3": 586,
        "4": 554,
        "5": 531,
        "6": 463,
        "7": 428,
        "8": 400,
        "9": 374,
        "10": 330,
        "11": 329,
        "12": 295,
        "13": 278,
        "14": 264,
        "15": 230,
        "16": 210,
        "17": 194,
        "18": 181,
        "19": 155,
        "20": 149,
        "21": 129,
        "22": 103,
        "23": 100,
        "24": 77,
        "25": 81,
        "26": 62,
        "27": 49,
        "28": 36,
        "29": 27,
        "30": 18,
        "31": 11,
        "32": 7,
        "33": 6,
        "34": 3,
        "35": 3,
        "36": 2
      },
      "gold-magnet": {
        "1": 286,
        "2": 458,
        "3": 487,
        "4": 464,
        "5": 408,
        "6": 376,
        "7": 339,
        "8": 316,
        "9": 291,
        "10": 282,
        "11": 266,
        "12": 239,
        "13": 212,
        "14": 205,
        "15": 188,
        "16": 173,
        "17": 147,
        "18": 141,
        "19": 125,
        "20": 109,
        "21": 92,
        "22": 79,
        "23": 84,
        "24": 65,
        "25": 57,
        "26": 52,
        "27": 35,
        "28": 24,
        "29": 20,
        "30": 13,
        "31": 8,
        "32": 6,
        "33": 4,
        "34": 1,
        "35": 3
      },
      "reveal-scroll": {
        "1": 60,
        "2": 344,
        "3": 380,
        "4": 382,
        "5": 401,
        "6": 329,
        "7": 308,
        "8": 266,
        "9": 279,
        "10": 253,
        "11": 242,
        "12": 213,
        "13": 195,
        "14": 181,
        "15": 162,