{
  "config": {
    "runs": 10000,
    "startingUpgrades": {
      "vitality": 0,
      "fortune": 0,
      "preparation": 0,
      "resilience": 0,
      "firstClickSafety": false
    },
    "startingFloor": 1,
    "seed": null,
    "strategy": {
      "itemWeights": {
        "heal-potion": 0.5,
        "max-hp-up": 1,
        "shield-orb": 1,
        "gold-magnet": 3,
        "reveal-scroll": 0.6
      },
      "lowHpThreshold": 0.5,
      "lowHpHealMultiplier": 5,
      "noShieldMultiplier": 3,
      "goldReserve": 20,
      "upgradePriority": [
        "vitality",
        "resilience",
        "fortune",
        "firstClickSafety",
        "preparation"
      ]
    },
    "mode": "session",
    "sessions": 50,
    "runsPerSession": 40
  },
  "stats": {
    "runCount": 2000,
    "floorReached": {
      "mean": 11.9405,
      "median": 9,
      "min": 1,
      "max": 38,
      "p10": 2,
      "p25": 5,
      "p75": 18,
      "p90": 26,
      "stdDev": 8.703215483371665
    },
    "deathsByFloor": {
      "1": 87,
      "2": 116,
      "3": 117,
      "4": 149,
      "5": 135,
      "6": 108,
      "7": 111,
      "8": 98,
      "9": 84,
      "10": 85,
      "11": 72,
      "12": 53,
      "13": 50,
      "14": 58,
      "15": 60,
      "16": 54,
      "17": 50,
      "18": 32,
      "19": 49,
      "20": 44,
      "21": 23,
      "22": 41,
      "23": 35,
      "24": 34,
      "25": 38,
      "26": 44,
      "27": 31,
      "28": 31,
      "29": 29,
      "30": 28,
      "31": 20,
      "32": 13,
      "33": 13,
      "34": 2,
      "35": 3,
      "36": 2,
      "38": 1
    },
    "goldPerRun": {
      "mean": 18368.582,
      "median": 7246,
      "min": 71,
      "max": 178222,
      "stdDev": 25790.798256844937
    },
    "goldPerFloor": {
      "1": {
        "mean": 541.102,
        "samples": 2000
      },
      "2": {
        "mean": 499.6826973340303,
        "samples": 1913
      },
      "3": {
        "mean": 619.276572064552,
        "samples": 1797
      },
      "4": {
        "mean": 735.8035714285714,
        "samples": 1680
      },
      "5": {
        "mean": 865.7759634225996,
        "samples": 1531
      },
      "6": {
        "mean": 998.2872492836676,
        "samples": 1396
      },
      "7": {
        "mean": 1158.388198757764,
        "samples": 1288
      },
      "8": {
        "mean": 1327.805437553101,
        "samples": 1177
      },
      "9": {
        "mean": 1513.9277108433735,
        "samples": 1079
      },
      "10": {
        "mean": 1696.1236180904523,
        "samples": 995
      },
      "11": {
        "mean": 1895.1846153846154,
        "samples": 910
      },
      "12": {
        "mean": 2107.892601431981,
        "samples": 838
      },
      "13": {
        "mean": 2243.1426751592358,
        "samples": 785
      },
      "14": {
        "mean": 2330.121088435374,
        "samples": 735
      },
      "15": {
        "mean": 2438.952732644018,
        "samples": 677
      },
      "16": {
        "mean": 2505.4262560777956,
        "samples": 617
      },
      "17": {
        "mean": 2677.147424511545,
        "samples": 563
      },
      "18": {
        "mean": 2761.9025341130605,
        "samples": 513
      },
      "19": {
        "mean": 2848.3970893970895,
        "samples": 481
      },
      "20": {
        "mean": 2951.1041666666665,
        "samples": 432
      },
      "21": {
        "mean": 2985.7886597938145,
        "samples": 388
      },
      "22": {
        "mean": 3107.7287671232875,
        "samples": 365
      },
      "23": {
        "mean": 3067.25,
        "samples": 324
      },
      "24": {
        "mean": 3116.242214532872,
        "samples": 289
      },
      "25": {
        "mean": 3083.7843137254904,
        "samples": 255
      },
      "26": {
        "mean": 3015.7511520737326,
        "samples": 217
      },
      "27": {
        "mean": 3056.751445086705,
        "samples": 173
      },
      "28": {
        "mean": 2995.8380281690143,
        "samples": 142
      },
      "29": {
        "mean": 2911.252252252252,
        "samples": 111
      },
      "30": {
        "mean": 3133.8658536585367,
        "samples": 82
      },
      "31": {
        "mean": 3002.037037037037,
        "samples": 54
      },
      "32": {
        "mean": 2825.8529411764707,
        "samples": 34
      },
      "33": {
        "mean": 2907.3333333333335,
        "samples": 21
      },
      "34": {
        "mean": 2497,
        "samples": 8
      },
      "35": {
        "mean": 1990.8333333333333,
        "samples": 6
      },
      "36": {
        "mean": 2801,
        "samples": 3
      },
      "37": {
        "mean": 1426,
        "samples": 1
      },
      "38": {
        "mean": 1041,
        "samples": 1
      }
    },
    "itemPurchaseRate": {
      "shield-orb": 1.41,
      "reveal-scroll": 6.5405,
      "heal-potion": 6.799,
      "max-hp-up": 3.27,
      "gold-magnet": 1.476
    },
    "itemPurchaseByFloor": {
      "shield-orb": {
        "1": 261,
        "2": 237,
        "3": 216,
        "4": 193,
        "5": 184,
        "6": 182,
        "7": 141,
        "8": 149,
        "9": 121,
        "10": 103,
        "11": 109,
        "12": 110,
        "13": 96,
        "14": 90,
        "15": 85,
        "16": 75,
        "17": 53,
        "18": 55,
        "19": 66,
        "20": 49,
        "21": 45,
        "22": 28,
        "23": 34,
        "24": 33,
        "25": 25,
        "26": 17,
        "27": 17,
        "28": 14,
        "29": 8,
        "30": 10,
        "31": 7,
        "32": 2,
        "33": 1,
        "34": 3,
        "37": 1
      },
      "reveal-scroll": {
        "1": 1105,
        "2": 1077,
        "3": 1013,
        "4": 906,
        "5": 809,
        "6": 779,
        "7": 681,
        "8": 660,
        "9": 598,
        "10": 563,
        "11": 517,
        "12": 461,
        "13": 454,
        "14": 412,
        "15": 375,
        "16": 337,
        "17": 311,
        "18": 277,
        "19": 240,
        "20": 245,
        "21": 226,
        "22": 203,
        "23": 167,
        "24": 158,
        "25": 137,
        "26": 101,
        "27": 91,
        "28": 59,
        "29": 49,
        "30": 29,
        "31": 19,
        "32": 12,
        "33": 4,
        "34": 3,
        "35": 1,
        "36": 1,
        "37": 1
      },
      "heal-potion": {
        "1": 1181,
        "2": 1111,
        "3": 1030,
        "4": 921,
        "5": 871,
        "6": 824,
        "7": 738,
        "8": 683,
        "9": 619,
        "10": 556,
        "11": 514,
        "12": 489,
        "13": 460,
        "14": 416,
        "15": 386,
        "16": 341,
        "17": 324,
        "18": 286,
        "19": 263,
        "20": 252,
        "21": 232,
        "22": 216,
        "23": 193,
        "24": 160,
        "25": 133,
        "26": 117,
        "27": 81,
        "28": 68,
        "29": 48,
        "30": 32,
        "31": 26,
        "32": 13,
        "33": 6,
        "34": 4,
        "35": 3,
        "36": 1
      },
      "max-hp-up": {
        "1": 534,
        "2": 515,
        "3": 548,
        "4": 477,
        "5": 411,
        "6": 389,
        "7": 351,
        "8": 304,
        "9": 311,
        "10": 281,
        "11": 250,
        "12": 237,
        "13": 209,
        "14": 199,
        "15": 176,
        "16": 154,
        "17": 153,
        "18": 164,
        "19": 138,
        "20": 121,
        "21": 100,
        "22": 96,
        "23": 86,
        "24": 75,
        "25": 64,
        "26": 54,
        "27": 38,
        "28": 39,
        "29": 32,
        "30": 15,
        "31": 9,
        "32": 5,
        "33": 2,
        "34": 2,
        "35": 1
      },
      "gold-magnet": {
        "1": 239,
        "2": 244,
        "3": 218,
        "4": 212,
        "5": 190,
        "6": 172,
        "7": 150,
        "8": 147,
        "9": 133,
        "10": 121,
        "11": 110,
        "12": 111,
        "13": 101,
        "14": 86,