{
  "config": {
    "runs": 500,
    "startingUpgrades": {
      "vitality": 0,
      "fortune": 0,
      "preparation": 0,
      "resilience": 0,
      "firstClickSafety": false
    },
    "startingFloor": 1,
    "seed": null,
    "strategy": {
      "itemWeights": {
        "heal-potion": 0.5,
        "max-hp-up": 1,
        "shield-orb": 1,
        "gold-magnet": 3,
        "peek-scroll": 0.8
      },
      "lowHpThreshold": 0.5,
      "lowHpHealMultiplier": 5,
      "noShieldMultiplier": 3,
      "goldReserve": 20,
      "upgradePriority": [
        "vitality",
        "resilience",
        "fortune",
        "firstClickSafety",
        "preparation"
      ]
    },
    "mode": "single",
    "sessions": 100,
    "runsPerSession": 20
  },
  "stats": {
    "runCount": 500,
    "floorReached": {
      "mean": 9.966,
      "median": 7,
      "min": 1,
      "max": 31,
      "p10": 2,
      "p25": 4,
      "p75": 15,
      "p90": 21,
      "stdDev": 7.370267566377757
    },
    "deathsByFloor": {
      "1": 28,
      "2": 33,
      "3": 33,
      "4": 47,
      "5": 43,
      "6": 27,
      "7": 39,
      "8": 19,
      "9": 19,
      "10": 29,
      "11": 16,
      "12": 11,
      "13": 12,
      "14": 17,
      "15": 10,
      "16": 12,
      "17": 15,
      "18": 13,
      "19": 12,
      "20": 5,
      "21": 10,
      "22": 6,
      "23": 10,
      "24": 7,
      "25": 6,
      "26": 6,
      "27": 4,
      "28": 4,
      "29": 1,
      "30": 3,
      "31": 3
    },
    "goldPerRun": {
      "mean": 3353.618,
      "median": 1441,
      "min": 68,
      "max": 19096,
      "stdDev": 4075.2137661815977
    },
    "goldPerFloor": {
      "1": {
        "mean": 83.312,
        "samples": 500
      },
      "2": {
        "mean": 114.95338983050847,
        "samples": 472
      },
      "3": {
        "mean": 149.74031890660592,
        "samples": 439
      },
      "4": {
        "mean": 180.00985221674875,
        "samples": 406
      },
      "5": {
        "mean": 210.9359331476323,
        "samples": 359
      },
      "6": {
        "mean": 246.8227848101266,
        "samples": 316
      },
      "7": {
        "mean": 286.46020761245677,
        "samples": 289
      },
      "8": {
        "mean": 333.396,
        "samples": 250
      },
      "9": {
        "mean": 377.3376623376623,
        "samples": 231
      },
      "10": {
        "mean": 417.50471698113205,
        "samples": 212
      },
      "11": {
        "mean": 458.0109289617486,
        "samples": 183
      },
      "12": {
        "mean": 538.1497005988024,
        "samples": 167
      },
      "13": {
        "mean": 547.0448717948718,
        "samples": 156
      },
      "14": {
        "mean": 567.6944444444445,
        "samples": 144
      },
      "15": {
        "mean": 598.8503937007874,
        "samples": 127
      },
      "16": {
        "mean": 641.5384615384615,
        "samples": 117
      },
      "17": {
        "mean": 658.8095238095239,
        "samples": 105
      },
      "18": {
        "mean": 675.9444444444445,
        "samples": 90
      },
      "19": {
        "mean": 724.1688311688312,
        "samples": 77
      },
      "20": {
        "mean": 782.6461538461539,
        "samples": 65
      },
      "21": {
        "mean": 749.9,
        "samples": 60
      },
      "22": {
        "mean": 776.58,
        "samples": 50
      },
      "23": {
        "mean": 849.5909090909091,
        "samples": 44
      },
      "24": {
        "mean": 772.3823529411765,
        "samples": 34
      },
      "25": {
        "mean": 825.7037037037037,
        "samples": 27
      },
      "26": {
        "mean": 815.5714285714286,
        "samples": 21
      },
      "27": {
        "mean": 725.2666666666667,
        "samples": 15
      },
      "28": {
        "mean": 750.4545454545455,
        "samples": 11
      },
      "29": {
        "mean": 771,
        "samples": 7
      },
      "30": {
        "mean": 755.5,
        "samples": 6
      },
      "31": {
        "mean": 686.3333333333334,
        "samples": 3
      }
    },
    "itemPurchaseRate": {
      "shield-orb": 4.928,
      "heal-potion": 5.098,
      "peek-scroll": 2.36,
      "gold-magnet": 1.028,
      "max-hp-up": 2.22
    },
    "itemPurchaseByFloor": {
      "shield-orb": {
        "1": 237,
        "2": 251,
        "3": 220,
        "4": 206,
        "5": 175,
        "6": 165,
        "7": 143,
        "8": 121,
        "9": 111,
        "10": 105,
        "11": 78,
        "12": 81,
        "13": 84,
        "14": 78,
        "15": 64,
        "16": 66,
        "17": 55,
        "18": 41,
        "19": 30,
        "20": 32,
        "21": 32,
        "22": 24,
        "23": 18,
        "24": 12,
        "25": 12,
        "26": 5,
        "27": 8,
        "28": 5,
        "29": 4,
        "30": 1
      },
      "heal-potion": {
        "1": 204,
        "2": 244,
        "3": 234,
        "4": 206,
        "5": 180,
        "6": 167,
        "7": 143,
        "8": 135,
        "9": 134,
        "10": 115,
        "11": 98,
        "12": 108,
        "13": 79,
        "14": 82,
        "15": 63,
        "16": 55,
        "17": 54,
        "18": 41,
        "19": 40,
        "20": 31,
        "21": 26,
        "22": 20,
        "23": 25,
        "24": 20,
        "25": 13,
        "26": 11,
        "27": 9,
        "28": 5,
        "29": 6,
        "30": 1
      },
      "peek-scroll": {
        "1": 90,
        "2": 117,
        "3": 97,
        "4": 102,
        "5": 85,
        "6": 83,
        "7": 61,
        "8": 72,
        "9": 58,
        "10": 46,
        "11": 51,
        "12": 49,
        "13": 40,
        "14": 32,
        "15": 35,
        "16": 33,
        "17": 15,
        "18": 21,
        "19": 24,
        "20": 17,
        "21": 14,
        "22": 10,
        "23": 8,
        "24": 5,
        "25": 10,
        "26": 2,
        "28": 2,
        "30": 1
      },
      "gold-magnet": {
        "1": 34,
        "2": 53,
        "3": 50,
        "4": 36,
        "5": 29,
        "6": 33,
        "7": 31,
        "8": 29,
        "9": 27,
        "10": 16,
        "11": 28,
        "12": 18,
        "13": 16,
        "14": 13,
        "15": 17,
        "16": 14,
        "17": 10,
        "18": 12,
        "19": 12,
        "20": 6,
        "21": 4,
        "22": 11,
        "23": 3,
        "24": 5,
        "25": 4,
        "27": 1,
        "29": 1,
        "30": 1
      },
      "max-hp-up": {
        "1": 69,
        "2": 95,
        "3": 109,
        "4": 94,
        "5": 90,
        "6": 79,
        "7": 73,
        "8": 50,
        "9": 60,
        "10": 55,
        "11": 48,
        "12": 37,
        "13": 41,
        "14": 27,
        "15": 28,
        "16": 28,
        "17": 27,
        "18": 19,
        "19": 12,
        "20": 13,
        "21": 13,
        "22": 13,
        "23": 6,
        "24": 8,
        "25": 3,
        "26": 5,
        "27": 3,
        "28": 2,
        "29": 1,
        "30": 2
      }
    },
    "averageDamageBlocked": 1.19,
    "averageDamageTaken": 0.204,
    "survivalRateByFloor": {
      "1": 1,
      "2": 0.944,
      "3": 0.878,
      "4": 0.812,
      "5": 0.718,
      "6": 0.632,
      "7": 0.578,
      "8": 0.5,
      "9": 0.462,
      "10": 0.424,
      "11": 0.366,
      "12": 0.334,
      "13": 0.312,
      "14": 0.288,
      "15": 0.254,
      "16": 0.234,
      "17": 0.21,
      "18": 0.18,
      "19": 0.154,
      "20": 0.13,
      "21": 0.12,
      "22": 0.1,
      "23": 0.088,
      "24": 0.068,
      "25": 0.054,
      "26": 0.042,
      "27": 0.03,
      "28": 0.022,
      "29": 0.014,
      "30": 0.012,
      "31": 0.006
    }
  },
  "warnings": [],
  "timestamp": "2026-01-16T18:35:56.795Z",
  "durationMs": 895
}