{
  "config": {
    "runs": 1000,
    "startingUpgrades": {
      "vitality": 0,
      "fortune": 0,
      "preparation": 0,
      "resilience": 0,
      "firstClickSafety": false
    },
    "startingFloor": 1,
    "seed": null,
    "strategy": {
      "itemWeights": {
        "heal-potion": 0.5,
        "max-hp-up": 1,
        "shield-orb": 1,
        "gold-magnet": 3,
        "reveal-scroll": 0.6
      },
      "lowHpThreshold": 0.5,
      "lowHpHealMultiplier": 5,
      "noShieldMultiplier": 3,
      "goldReserve": 20,
      "upgradePriority": [
        "vitality",
        "resilience",
        "fortune",
        "firstClickSafety",
        "preparation"
      ]
    },
    "mode": "single",
    "sessions": 100,
    "runsPerSession": 20
  },
  "stats": {
    "runCount": 1000,
    "floorReached": {
      "mean": 11.959,
      "median": 9,
      "min": 1,
      "max": 39,
      "p10": 2,
      "p25": 4,
      "p75": 18,
      "p90": 26,
      "stdDev": 8.84462090764776
    },
    "deathsByFloor": {
      "1": 45,
      "2": 81,
      "3": 56,
      "4": 73,
      "5": 50,
      "6": 48,
      "7": 59,
      "8": 44,
      "9": 54,
      "10": 28,
      "11": 30,
      "12": 26,
      "13": 39,
      "14": 19,
      "15": 27,
      "16": 33,
      "17": 26,
      "18": 24,
      "19": 26,
      "20": 17,
      "21": 19,
      "22": 16,
      "23": 12,
      "24": 20,
      "25": 16,
      "26": 17,
      "27": 19,
      "28": 21,
      "29": 13,
      "30": 14,
      "31": 6,
      "32": 10,
      "33": 4,
      "34": 4,
      "35": 2,
      "37": 1,
      "39": 1
    },
    "goldPerRun": {
      "mean": 6139.531,
      "median": 2813,
      "min": 68,
      "max": 33895,
      "stdDev": 7048.425561147609
    },
    "goldPerFloor": {
      "1": {
        "mean": 83.46,
        "samples": 1000
      },
      "2": {
        "mean": 136.52774869109948,
        "samples": 955
      },
      "3": {
        "mean": 196.6086956521739,
        "samples": 874
      },
      "4": {
        "mean": 242.06723716381418,
        "samples": 818
      },
      "5": {
        "mean": 292.71275167785234,
        "samples": 745
      },
      "6": {
        "mean": 341.3021582733813,
        "samples": 695
      },
      "7": {
        "mean": 387.1035548686244,
        "samples": 647
      },
      "8": {
        "mean": 454.8316326530612,
        "samples": 588
      },
      "9": {
        "mean": 513.6948529411765,
        "samples": 544
      },
      "10": {
        "mean": 562.7265306122449,
        "samples": 490
      },
      "11": {
        "mean": 629.5887445887446,
        "samples": 462
      },
      "12": {
        "mean": 708.2222222222222,
        "samples": 432
      },
      "13": {
        "mean": 733.1945812807882,
        "samples": 406
      },
      "14": {
        "mean": 778.9100817438692,
        "samples": 367
      },
      "15": {
        "mean": 810.7816091954023,
        "samples": 348
      },
      "16": {
        "mean": 857.3707165109034,
        "samples": 321
      },
      "17": {
        "mean": 885.8055555555555,
        "samples": 288
      },
      "18": {
        "mean": 939.9961832061068,
        "samples": 262
      },
      "19": {
        "mean": 945.9705882352941,
        "samples": 238
      },
      "20": {
        "mean": 991.2688679245283,
        "samples": 212
      },
      "21": {
        "mean": 1060.9179487179488,
        "samples": 195
      },
      "22": {
        "mean": 1067.9943181818182,
        "samples": 176
      },
      "23": {
        "mean": 1086.6625,
        "samples": 160
      },
      "24": {
        "mean": 1063.9324324324325,
        "samples": 148
      },
      "25": {
        "mean": 1113.515625,
        "samples": 128
      },
      "26": {
        "mean": 1081.2767857142858,
        "samples": 112
      },
      "27": {
        "mean": 1048.778947368421,
        "samples": 95
      },
      "28": {
        "mean": 1030.2631578947369,
        "samples": 76
      },
      "29": {
        "mean": 1076.2545454545455,
        "samples": 55
      },
      "30": {
        "mean": 1064.642857142857,
        "samples": 42
      },
      "31": {
        "mean": 983.0357142857143,
        "samples": 28
      },
      "32": {
        "mean": 1038.2272727272727,
        "samples": 22
      },
      "33": {
        "mean": 988.4166666666666,
        "samples": 12
      },
      "34": {
        "mean": 1059.625,
        "samples": 8
      },
      "35": {
        "mean": 935.5,
        "samples": 4
      },
      "36": {
        "mean": 1370,
        "samples": 2
      },
      "37": {
        "mean": 937.5,
        "samples": 2
      },
      "38": {
        "mean": 1380,
        "samples": 1
      },
      "39": {
        "mean": 982,
        "samples": 1
      }
    },
    "itemPurchaseRate": {
      "shield-orb": 8.047,
      "heal-potion": 7.111,
      "max-hp-up": 5.615,
      "gold-magnet": 6.428,
      "reveal-scroll": 5.579
    },
    "itemPurchaseByFloor": {
      "shield-orb": {
        "1": 415,
        "2": 633,
        "3": 594,
        "4": 571,
        "5": 538,
        "6": 511,
        "7": 459,
        "8": 437,
        "9": 368,
        "10": 374,
        "11": 334,
        "12": 314,
        "13": 274,
        "14": 267,
        "15": 242,
        "16": 214,
        "17": 198,
        "18": 184,
        "19": 157,
        "20": 148,
        "21": 136,
        "22": 132,
        "23": 103,
        "24": 96,
        "25": 83,
        "26": 68,
        "27": 62,
        "28": 44,
        "29": 30,
        "30": 20,
        "31": 18,
        "32": 8,
        "33": 7,
        "34": 4,
        "35": 2,
        "36": 2
      },
      "heal-potion": {
        "1": 476,
        "2": 276,
        "3": 501,
        "4": 518,
        "5": 485,
        "6": 461,
        "7": 417,
        "8": 397,
        "9": 341,
        "10": 334,
        "11": 296,
        "12": 288,
        "13": 261,
        "14": 254,
        "15": 228,
        "16": 192,
        "17": 186,
        "18": 171,
        "19": 137,
        "20": 138,
        "21": 126,
        "22": 117,
        "23": 96,
        "24": 94,
        "25": 80,
        "26": 63,
        "27": 55,
        "28": 38,
        "29": 25,
        "30": 20,
        "31": 20,
        "32": 7,
        "33": 5,
        "34": 4,
        "35": 2,
        "36": 2
      },
      "max-hp-up": {
        "1": 58,
        "2": 282,
        "3": 404,
        "4": 450,
        "5": 397,
        "6": 376,
        "7": 345,
        "8": 328,
        "9": 286,
        "10": 285,
        "11": 274,
        "12": 242,
        "13": 220,
        "14": 206,
        "15": 164,
        "16": 162,
        "17": 154,
        "18": 131,
        "19": 120,
        "20": 104,
        "21": 106,
        "22": 95,
        "23": 87,
        "24": 71,
        "25": 64,
        "26": 53,
        "27": 43,
        "28": 36,
        "29": 25,
        "30": 17,
        "31": 16,
        "32": 4,
        "33": 4,
        "34": 3,
        "36": 2,
        "38": 1
      },
      "gold-magnet": {
        "1": 302,
        "2": 481,
        "3": 488,
        "4": 462,
        "5": 433,
        "6": 385,
        "7": 382,
        "8": 355,
        "9": 291,
        "10": 278,
        "11": 273,
        "12": 247,
        "13": 226,
        "14": 212,
        "15": 206,
        "16": 177,
        "17": 171,
        "18": 141,
        "19": 127,
        "20": 130,
        "21": 107,
        "22": 100,
        "23": 89,
        "24": 87,
        "25": 70,
        "26": 55,
        "27": 44,
        "28": 35,
        "29": 28,
        "30": 12,
        "31": 15,
        "32": 6,
        "33": 6,
        "34": 2,
        "35": 2,
        "36": 1,
        "37": 1,
        "38": 1
      },
      "reveal-scroll": {
        "1": 86,
        "2": 339,
        "3": 422,
        "4": 411,
        "5": 408,
        "6": 366,
        "7": 336,
        "8": 303,
        "9": 297,
        "10": 271,