{
  "config": {
    "runs": 1000,
    "startingUpgrades": {
      "vitality": 0,
      "fortune": 0,
      "preparation": 0,
      "resilience": 0,
      "firstClickSafety": false
    },
    "startingFloor": 1,
    "seed": null,
    "strategy": {
      "itemWeights": {
        "heal-potion": 0.5,
        "max-hp-up": 1,
        "shield-orb": 1,
        "gold-magnet": 3,
        "peek-scroll": 0.8
      },
      "lowHpThreshold": 0.5,
      "lowHpHealMultiplier": 5,
      "noShieldMultiplier": 3,
      "goldReserve": 20,
      "upgradePriority": [
        "vitality",
        "resilience",
        "fortune",
        "firstClickSafety",
        "preparation"
      ]
    },
    "mode": "single",
    "sessions": 100,
    "runsPerSession": 20
  },
  "stats": {
    "runCount": 1000,
    "floorReached": {
      "mean": 10.122,
      "median": 8,
      "min": 1,
      "max": 38,
      "p10": 2,
      "p25": 4,
      "p75": 14,
      "p90": 22,
      "stdDev": 7.574768379297166
    },
    "deathsByFloor": {
      "1": 40,
      "2": 80,
      "3": 82,
      "4": 82,
      "5": 74,
      "6": 67,
      "7": 46,
      "8": 53,
      "9": 50,
      "10": 36,
      "11": 39,
      "12": 39,
      "13": 30,
      "14": 33,
      "15": 27,
      "16": 26,
      "17": 27,
      "18": 18,
      "19": 15,
      "20": 21,
      "21": 13,
      "22": 13,
      "23": 13,
      "24": 9,
      "25": 12,
      "26": 12,
      "27": 8,
      "28": 7,
      "29": 10,
      "30": 7,
      "31": 2,
      "32": 2,
      "33": 4,
      "34": 2,
      "38": 1
    },
    "goldPerRun": {
      "mean": 3433.587,
      "median": 1451,
      "min": 69,
      "max": 24614,
      "stdDev": 4282.293950726758
    },
    "goldPerFloor": {
      "1": {
        "mean": 83.521,
        "samples": 1000
      },
      "2": {
        "mean": 115.09895833333333,
        "samples": 960
      },
      "3": {
        "mean": 148.2977272727273,
        "samples": 880
      },
      "4": {
        "mean": 179.8671679197995,
        "samples": 798
      },
      "5": {
        "mean": 214.24022346368716,
        "samples": 716
      },
      "6": {
        "mean": 247.31152647975077,
        "samples": 642
      },
      "7": {
        "mean": 288.7808695652174,
        "samples": 575
      },
      "8": {
        "mean": 323.7183364839319,
        "samples": 529
      },
      "9": {
        "mean": 378.64495798319325,
        "samples": 476
      },
      "10": {
        "mean": 417.80516431924883,
        "samples": 426
      },
      "11": {
        "mean": 464.9102564102564,
        "samples": 390
      },
      "12": {
        "mean": 510.96866096866097,
        "samples": 351
      },
      "13": {
        "mean": 538.3717948717949,
        "samples": 312
      },
      "14": {
        "mean": 580.1205673758865,
        "samples": 282
      },
      "15": {
        "mean": 601.85140562249,
        "samples": 249
      },
      "16": {
        "mean": 628.9549549549549,
        "samples": 222
      },
      "17": {
        "mean": 659.3622448979592,
        "samples": 196
      },
      "18": {
        "mean": 700.1242603550296,
        "samples": 169
      },
      "19": {
        "mean": 723.5629139072847,
        "samples": 151
      },
      "20": {
        "mean": 736.7867647058823,
        "samples": 136
      },
      "21": {
        "mean": 768.1217391304348,
        "samples": 115
      },
      "22": {
        "mean": 800.3529411764706,
        "samples": 102
      },
      "23": {
        "mean": 752.2359550561798,
        "samples": 89
      },
      "24": {
        "mean": 788.5,
        "samples": 76
      },
      "25": {
        "mean": 809.3880597014926,
        "samples": 67
      },
      "26": {
        "mean": 790.3818181818182,
        "samples": 55
      },
      "27": {
        "mean": 796.5116279069767,
        "samples": 43
      },
      "28": {
        "mean": 823.5428571428571,
        "samples": 35
      },
      "29": {
        "mean": 764.6428571428571,
        "samples": 28
      },
      "30": {
        "mean": 730.6111111111111,
        "samples": 18
      },
      "31": {
        "mean": 817.6363636363636,
        "samples": 11
      },
      "32": {
        "mean": 935.2222222222222,
        "samples": 9
      },
      "33": {
        "mean": 652.4285714285714,
        "samples": 7
      },
      "34": {
        "mean": 622,
        "samples": 3
      },
      "35": {
        "mean": 858,
        "samples": 1
      },
      "36": {
        "mean": 865,
        "samples": 1
      },
      "37": {
        "mean": 873,
        "samples": 1
      },
      "38": {
        "mean": 492,
        "samples": 1
      }
    },
    "itemPurchaseRate": {
      "shield-orb": 5.089,
      "heal-potion": 5.023,
      "peek-scroll": 2.366,
      "max-hp-up": 2.274,
      "gold-magnet": 1.003
    },
    "itemPurchaseByFloor": {
      "shield-orb": {
        "1": 495,
        "2": 477,
        "3": 448,
        "4": 403,
        "5": 352,
        "6": 334,
        "7": 308,
        "8": 270,
        "9": 220,
        "10": 222,
        "11": 199,
        "12": 183,
        "13": 163,
        "14": 131,
        "15": 129,
        "16": 115,
        "17": 97,
        "18": 74,
        "19": 79,
        "20": 60,
        "21": 47,
        "22": 58,
        "23": 50,
        "24": 40,
        "25": 36,
        "26": 29,
        "27": 21,
        "28": 19,
        "29": 8,
        "30": 10,
        "31": 5,
        "32": 3,
        "33": 1,
        "34": 1,
        "35": 1,
        "37": 1
      },
      "heal-potion": {
        "1": 389,
        "2": 526,
        "3": 445,
        "4": 384,
        "5": 373,
        "6": 321,
        "7": 305,
        "8": 281,
        "9": 252,
        "10": 209,
        "11": 196,
        "12": 166,
        "13": 165,
        "14": 138,
        "15": 112,
        "16": 113,
        "17": 100,
        "18": 86,
        "19": 90,
        "20": 69,
        "21": 58,
        "22": 46,
        "23": 43,
        "24": 39,
        "25": 25,
        "26": 24,
        "27": 25,
        "28": 16,
        "29": 9,
        "30": 4,
        "31": 5,
        "32": 4,
        "33": 2,
        "34": 1,
        "36": 1,
        "37": 1
      },
      "peek-scroll": {
        "1": 147,
        "2": 242,
        "3": 211,
        "4": 202,
        "5": 167,
        "6": 155,
        "7": 142,
        "8": 135,
        "9": 107,
        "10": 98,
        "11": 93,
        "12": 76,
        "13": 80,
        "14": 70,
        "15": 67,
        "16": 55,
        "17": 51,
        "18": 48,
        "19": 37,
        "20": 27,
        "21": 34,
        "22": 27,
        "23": 16,
        "24": 17,
        "25": 20,
        "26": 8,
        "27": 12,
        "28": 8,
        "29": 4,
        "30": 3,
        "31": 2,
        "32": 3,
        "33": 1,
        "35": 1
      },
      "max-hp-up": {
        "1": 133,
        "2": 199,
        "3": 209,
        "4": 191,
        "5": 183,
        "6": 156,
        "7": 152,
        "8": 117,
        "9": 138,
        "10": 97,
        "11": 88,
        "12": 87,
        "13": 72,
        "14": 67,
        "15": 67,
        "16": 38,
        "17": 39,
        "18": 29,
        "19": 34,
        "20": 36,
        "21": 30,
        "22": 23,
        "23": 19,
        "24": 18,
        "25": 12,
        "26": 14,
        "27": 7,
        "28": 6,
        "29": 4,
        "30": 2,
        "31": 3,
        "32": 3,
        "36": 1
      },
      "gold-magnet": {
        "1": 74,
        "2": 100,
        "3": 94,
        "4": 83,
        "5": 65,
        "6": 61,
        "7": 48,
        "8": 66,
        "9": 47,
        "10": 44,
        "11": 38,
        "12": 31,
        "13": 40,
        "14": 30,
        "15": 27,
        "16": 26,
        "17": 25,
        "18": 20,
        "19": 17,
        "20": 13,
        "21": 13,
        "22": 3,
        "23": 6,
        "24": 9,
        "25": 6,
        "26": 4,
        "27": 5,