{
  "config": {
    "runs": 10000,
    "startingUpgrades": {
      "vitality": 0,
      "fortune": 0,
      "preparation": 0,
      "resilience": 0,
      "firstClickSafety": false
    },
    "startingFloor": 1,
    "seed": null,
    "strategy": {
      "itemWeights": {
        "heal-potion": 0.5,
        "max-hp-up": 1,
        "shield-orb": 1,
        "gold-magnet": 3,
        "reveal-scroll": 0.6
      },
      "lowHpThreshold": 0.5,
      "lowHpHealMultiplier": 5,
      "noShieldMultiplier": 3,
      "goldReserve": 20,
      "upgradePriority": [
        "vitality",
        "resilience",
        "fortune",
        "firstClickSafety",
        "preparation"
      ]
    },
    "mode": "session",
    "sessions": 50,
    "runsPerSession": 40
  },
  "stats": {
    "runCount": 2000,
    "floorReached": {
      "mean": 11.499,
      "median": 9,
      "min": 1,
      "max": 39,
      "p10": 2,
      "p25": 4,
      "p75": 18,
      "p90": 25,
      "stdDev": 8.560373765204417
    },
    "deathsByFloor": {
      "1": 109,
      "2": 137,
      "3": 116,
      "4": 141,
      "5": 150,
      "6": 124,
      "7": 96,
      "8": 76,
      "9": 81,
      "10": 85,
      "11": 63,
      "12": 62,
      "13": 49,
      "14": 59,
      "15": 47,
      "16": 52,
      "17": 43,
      "18": 62,
      "19": 41,
      "20": 48,
      "21": 42,
      "22": 40,
      "23": 40,
      "24": 24,
      "25": 30,
      "26": 31,
      "27": 31,
      "28": 25,
      "29": 26,
      "30": 18,
      "31": 21,
      "32": 17,
      "33": 5,
      "34": 2,
      "35": 3,
      "36": 2,
      "38": 1,
      "39": 1
    },
    "goldPerRun": {
      "mean": 27746.8975,
      "median": 9930,
      "min": 72,
      "max": 277780,
      "stdDev": 41370.22385619875
    },
    "goldPerFloor": {
      "1": {
        "mean": 641.2855,
        "samples": 2000
      },
      "2": {
        "mean": 808.3268112109995,
        "samples": 1891
      },
      "3": {
        "mean": 972.0433295324972,
        "samples": 1754
      },
      "4": {
        "mean": 1139.3797313797313,
        "samples": 1638
      },
      "5": {
        "mean": 1351.37875751503,
        "samples": 1497
      },
      "6": {
        "mean": 1582.3518930957684,
        "samples": 1347
      },
      "7": {
        "mean": 1851.9165985282093,
        "samples": 1223
      },
      "8": {
        "mean": 2105.763087843833,
        "samples": 1127
      },
      "9": {
        "mean": 2368.908658420552,
        "samples": 1051
      },
      "10": {
        "mean": 2690.59381443299,
        "samples": 970
      },
      "11": {
        "mean": 3034.7073446327686,
        "samples": 885
      },
      "12": {
        "mean": 3432.9890510948903,
        "samples": 822
      },
      "13": {
        "mean": 3460.202631578947,
        "samples": 760
      },
      "14": {
        "mean": 3674.4725738396623,
        "samples": 711
      },
      "15": {
        "mean": 3923.7653374233128,
        "samples": 652
      },
      "16": {
        "mean": 4111.94214876033,
        "samples": 605
      },
      "17": {
        "mean": 4183.396021699819,
        "samples": 553
      },
      "18": {
        "mean": 4393.994117647058,
        "samples": 510
      },
      "19": {
        "mean": 4428.810267857143,
        "samples": 448
      },
      "20": {
        "mean": 4850.461916461916,
        "samples": 407
      },
      "21": {
        "mean": 4926.902506963788,
        "samples": 359
      },
      "22": {
        "mean": 4917.5015772870665,
        "samples": 317
      },
      "23": {
        "mean": 5002.472924187726,
        "samples": 277
      },
      "24": {
        "mean": 5021.93670886076,
        "samples": 237
      },
      "25": {
        "mean": 5190.647887323944,
        "samples": 213
      },
      "26": {
        "mean": 5439.972677595629,
        "samples": 183
      },
      "27": {
        "mean": 5088.230263157895,
        "samples": 152
      },
      "28": {
        "mean": 4869.661157024793,
        "samples": 121
      },
      "29": {
        "mean": 5549.0625,
        "samples": 96
      },
      "30": {
        "mean": 5655.228571428572,
        "samples": 70
      },
      "31": {
        "mean": 4724.557692307692,
        "samples": 52
      },
      "32": {
        "mean": 5431.5161290322585,
        "samples": 31
      },
      "33": {
        "mean": 4056.5714285714284,
        "samples": 14
      },
      "34": {
        "mean": 4926.444444444444,
        "samples": 9
      },
      "35": {
        "mean": 6201.142857142857,
        "samples": 7
      },
      "36": {
        "mean": 6775.25,
        "samples": 4
      },
      "37": {
        "mean": 4921.5,
        "samples": 2
      },
      "38": {
        "mean": 5562.5,
        "samples": 2
      },
      "39": {
        "mean": 8233,
        "samples": 1
      }
    },
    "itemPurchaseRate": {
      "shield-orb": 7.9825,
      "heal-potion": 7.2045,
      "max-hp-up": 5.9235,
      "gold-magnet": 6.4995,
      "reveal-scroll": 5.8465
    },
    "itemPurchaseByFloor": {
      "shield-orb": {
        "1": 1323,
        "2": 1314,
        "3": 1250,
        "4": 1160,
        "5": 1045,
        "6": 933,
        "7": 876,
        "8": 802,
        "9": 746,
        "10": 702,
        "11": 623,
        "12": 586,
        "13": 542,
        "14": 496,
        "15": 466,
        "16": 410,
        "17": 391,
        "18": 328,
        "19": 319,
        "20": 275,
        "21": 243,
        "22": 222,
        "23": 162,
        "24": 165,
        "25": 150,
        "26": 111,
        "27": 100,
        "28": 73,
        "29": 62,
        "30": 37,
        "31": 28,
        "32": 8,
        "33": 5,
        "34": 6,
        "35": 2,
        "36": 2,
        "37": 1,
        "38": 1
      },
      "heal-potion": {
        "1": 1132,
        "2": 1130,
        "3": 1120,
        "4": 1072,
        "5": 972,
        "6": 836,
        "7": 807,
        "8": 729,
        "9": 665,
        "10": 626,
        "11": 589,
        "12": 520,
        "13": 518,
        "14": 449,
        "15": 433,
        "16": 367,
        "17": 349,
        "18": 311,
        "19": 288,
        "20": 253,
        "21": 215,
        "22": 197,
        "23": 153,
        "24": 151,
        "25": 128,
        "26": 102,
        "27": 84,
        "28": 68,
        "29": 58,
        "30": 41,
        "31": 25,
        "32": 6,
        "33": 5,
        "34": 3,
        "35": 3,
        "36": 2,
        "37": 1,
        "38": 1
      },
      "max-hp-up": {
        "1": 869,
        "2": 935,
        "3": 950,
        "4": 844,
        "5": 810,
        "6": 712,
        "7": 624,
        "8": 633,
        "9": 574,
        "10": 515,
        "11": 461,
        "12": 441,
        "13": 411,
        "14": 387,
        "15": 370,
        "16": 313,
        "17": 280,
        "18": 248,
        "19": 239,
        "20": 209,
        "21": 191,
        "22": 150,
        "23": 130,
        "24": 120,
        "25": 104,
        "26": 90,
        "27": 70,
        "28": 48,
        "29": 48,
        "30": 32,
        "31": 20,
        "32": 7,
        "33": 4,
        "34": 4,
        "35": 1,
        "36": 2,
        "37": 1
      },
      "gold-magnet": {
        "1": 1121,
        "2": 1076,
        "3": 993,
        "4": 931,
        "5": 820,
        "6": 764,
        "7": 714,
        "8": 639,
        "9": 614,
        "10": 548,
        "11": 525,
        "12": 449,
        "13": 438,
        "14": 413,
        "15": 392,
        "16": 353,
        "17": 320,
        "18": 276,
        "19": 283,
        "20": 231,
        "21": 194,
        "22": 176,
        "23": 141,
        "24": 130,
        "25": 123,
        "26": 86,
        "27": 65,
        "28": 66,
        "29": 49,
        "30": 30,
        "31": 19,
        "32": 4,
        "33": 5,
        "34": 5,
        "35": 3,
        "36": 1,
        "37": 1,
        "38": 1
      },