{
  "config": {
    "runs": 10000,
    "startingUpgrades": {
      "vitality": 0,
      "fortune": 0,
      "preparation": 0,
      "resilience": 0,
      "firstClickSafety": false
    },
    "startingFloor": 1,
    "seed": null,
    "strategy": {
      "itemWeights": {
        "heal-potion": 0.5,
        "max-hp-up": 1,
        "shield-orb": 1,
        "gold-magnet": 3,
        "reveal-scroll": 0.6
      },
      "lowHpThreshold": 0.5,
      "lowHpHealMultiplier": 5,
      "noShieldMultiplier": 3,
      "goldReserve": 20,
      "upgradePriority": [
        "vitality",
        "resilience",
        "fortune",
        "firstClickSafety",
        "preparation"
      ]
    },
    "mode": "session",
    "sessions": 100,
    "runsPerSession": 20
  },
  "stats": {
    "runCount": 2000,
    "floorReached": {
      "mean": 11.8755,
      "median": 10,
      "min": 1,
      "max": 38,
      "p10": 2,
      "p25": 5,
      "p75": 18,
      "p90": 25,
      "stdDev": 8.54119428124661
    },
    "deathsByFloor": {
      "1": 82,
      "2": 127,
      "3": 132,
      "4": 133,
      "5": 145,
      "6": 105,
      "7": 99,
      "8": 92,
      "9": 65,
      "10": 71,
      "11": 64,
      "12": 67,
      "13": 51,
      "14": 69,
      "15": 69,
      "16": 71,
      "17": 42,
      "18": 41,
      "19": 60,
      "20": 42,
      "21": 52,
      "22": 44,
      "23": 37,
      "24": 25,
      "25": 35,
      "26": 26,
      "27": 30,
      "28": 26,
      "29": 24,
      "30": 19,
      "31": 17,
      "32": 16,
      "33": 7,
      "34": 4,
      "35": 5,
      "36": 2,
      "37": 3,
      "38": 1
    },
    "goldPerRun": {
      "mean": 8303.2095,
      "median": 4293,
      "min": 73,
      "max": 43216,
      "stdDev": 9223.402914304985
    },
    "goldPerFloor": {
      "1": {
        "mean": 186.514,
        "samples": 2000
      },
      "2": {
        "mean": 224.12304483837332,
        "samples": 1918
      },
      "3": {
        "mean": 281.3249581239531,
        "samples": 1791
      },
      "4": {
        "mean": 337.8499095840868,
        "samples": 1659
      },
      "5": {
        "mean": 399.1028833551769,
        "samples": 1526
      },
      "6": {
        "mean": 467.3881245474294,
        "samples": 1381
      },
      "7": {
        "mean": 535.3369905956113,
        "samples": 1276
      },
      "8": {
        "mean": 610.6321155480034,
        "samples": 1177
      },
      "9": {
        "mean": 708.7603686635945,
        "samples": 1085
      },
      "10": {
        "mean": 779.606862745098,
        "samples": 1020
      },
      "11": {
        "mean": 874.7281348788198,
        "samples": 949
      },
      "12": {
        "mean": 964.9683615819209,
        "samples": 885
      },
      "13": {
        "mean": 998.8141809290953,
        "samples": 818
      },
      "14": {
        "mean": 1053.2203389830509,
        "samples": 767
      },
      "15": {
        "mean": 1119.0730659025787,
        "samples": 698
      },
      "16": {
        "mean": 1161.1446740858505,
        "samples": 629
      },
      "17": {
        "mean": 1222.646953405018,
        "samples": 558
      },
      "18": {
        "mean": 1269.2868217054263,
        "samples": 516
      },
      "19": {
        "mean": 1317.76,
        "samples": 475
      },
      "20": {
        "mean": 1363.9253012048193,
        "samples": 415
      },
      "21": {
        "mean": 1408.509383378016,
        "samples": 373
      },
      "22": {
        "mean": 1443.9906542056074,
        "samples": 321
      },
      "23": {
        "mean": 1459.6606498194947,
        "samples": 277
      },
      "24": {
        "mean": 1500.55,
        "samples": 240
      },
      "25": {
        "mean": 1416.4697674418605,
        "samples": 215
      },
      "26": {
        "mean": 1476.888888888889,
        "samples": 180
      },
      "27": {
        "mean": 1462.6493506493507,
        "samples": 154
      },
      "28": {
        "mean": 1453.8145161290322,
        "samples": 124
      },
      "29": {
        "mean": 1371.561224489796,
        "samples": 98
      },
      "30": {
        "mean": 1383.662162162162,
        "samples": 74
      },
      "31": {
        "mean": 1293.6727272727273,
        "samples": 55
      },
      "32": {
        "mean": 1387,
        "samples": 38
      },
      "33": {
        "mean": 1376.8636363636363,
        "samples": 22
      },
      "34": {
        "mean": 1284.8,
        "samples": 15
      },
      "35": {
        "mean": 1294.909090909091,
        "samples": 11
      },
      "36": {
        "mean": 1499.3333333333333,
        "samples": 6
      },
      "37": {
        "mean": 1221.25,
        "samples": 4
      },
      "38": {
        "mean": 1479,
        "samples": 1
      }
    },
    "itemPurchaseRate": {
      "shield-orb": 8.2785,
      "heal-potion": 7.3735,
      "gold-magnet": 6.6325,
      "reveal-scroll": 5.9875,
      "max-hp-up": 6.1755
    },
    "itemPurchaseByFloor": {
      "shield-orb": {
        "1": 1357,
        "2": 1331,
        "3": 1288,
        "4": 1154,
        "5": 1072,
        "6": 958,
        "7": 909,
        "8": 851,
        "9": 777,
        "10": 734,
        "11": 690,
        "12": 623,
        "13": 598,
        "14": 534,
        "15": 474,
        "16": 426,
        "17": 401,
        "18": 364,
        "19": 327,
        "20": 286,
        "21": 252,
        "22": 207,
        "23": 178,
        "24": 172,
        "25": 138,
        "26": 120,
        "27": 92,
        "28": 78,
        "29": 54,
        "30": 38,
        "31": 30,
        "32": 15,
        "33": 11,
        "34": 9,
        "35": 5,
        "36": 3,
        "37": 1
      },
      "heal-potion": {
        "1": 1008,
        "2": 1044,
        "3": 1136,
        "4": 1070,
        "5": 1014,
        "6": 898,
        "7": 812,
        "8": 778,
        "9": 751,
        "10": 655,
        "11": 610,
        "12": 579,
        "13": 548,
        "14": 500,
        "15": 424,
        "16": 399,
        "17": 366,
        "18": 337,
        "19": 292,
        "20": 260,
        "21": 230,
        "22": 181,
        "23": 158,
        "24": 152,
        "25": 132,
        "26": 106,
        "27": 84,
        "28": 72,
        "29": 49,
        "30": 34,
        "31": 28,
        "32": 13,
        "33": 9,
        "34": 9,
        "35": 5,
        "36": 3,
        "37": 1
      },
      "gold-magnet": {
        "1": 1093,
        "2": 1087,
        "3": 1018,
        "4": 928,
        "5": 848,
        "6": 769,
        "7": 717,
        "8": 699,
        "9": 626,
        "10": 591,
        "11": 545,
        "12": 478,
        "13": 459,
        "14": 437,
        "15": 389,
        "16": 348,
        "17": 322,
        "18": 303,
        "19": 260,
        "20": 232,
        "21": 196,
        "22": 173,
        "23": 159,
        "24": 123,
        "25": 114,
        "26": 97,
        "27": 80,
        "28": 52,
        "29": 41,
        "30": 26,
        "31": 24,
        "32": 13,
        "33": 6,
        "34": 5,
        "35": 4,
        "36": 2,
        "37": 1
      },
      "reveal-scroll": {
        "1": 829,
        "2": 969,
        "3": 943,
        "4": 833,
        "5": 827,
        "6": 707,
        "7": 677,
        "8": 644,
        "9": 598,
        "10": 504,
        "11": 495,
        "12": 466,
        "13": 455,
        "14": 380,
        "15": 332,
        "16": 327,
        "17": 292,
        "18": 263,
        "19": 223,
        "20": 208,
        "21": 189,
        "22": 148,
        "23": 128,
        "24": 126,
        "25": 99,
        "26": 79,
        "27": 55,
        "28": 60,
        "29": 38,
        "30": 29,
        "31": 17,
        "32": 12,
        "33": 7,
        "34": 8,
        "35": 5,
        "36": 3
      },
      "max-hp-up": {
        "1": 857,
        "2": 941,
        "3": 973,
        "4": 916,
        "5": 814,
        "6": 757,
        "7": 663,
        "8": 630,