{
  "config": {
    "runs": 10000,
    "startingUpgrades": {
      "vitality": 0,
      "fortune": 0,
      "preparation": 0,
      "resilience": 0,
      "firstClickSafety": false
    },
    "startingFloor": 1,
    "seed": null,
    "strategy": {
      "itemWeights": {
        "heal-potion": 0.5,
        "max-hp-up": 1,
        "shield-orb": 1,
        "gold-magnet": 3,
        "reveal-scroll": 0.6
      },
      "lowHpThreshold": 0.5,
      "lowHpHealMultiplier": 5,
      "noShieldMultiplier": 3,
      "goldReserve": 20,
      "upgradePriority": [
        "vitality",
        "resilience",
        "fortune",
        "firstClickSafety",
        "preparation"
      ]
    },
    "mode": "single",
    "sessions": 100,
    "runsPerSession": 20
  },
  "stats": {
    "runCount": 10000,
    "floorReached": {
      "mean": 11.6241,
      "median": 9,
      "min": 1,
      "max": 38,
      "p10": 2,
      "p25": 4,
      "p75": 18,
      "p90": 26,
      "stdDev": 8.713093548791775
    },
    "deathsByFloor": {
      "1": 500,
      "2": 785,
      "3": 662,
      "4": 720,
      "5": 578,
      "6": 581,
      "7": 476,
      "8": 443,
      "9": 417,
      "10": 351,
      "11": 274,
      "12": 305,
      "13": 291,
      "14": 294,
      "15": 257,
      "16": 288,
      "17": 267,
      "18": 215,
      "19": 191,
      "20": 213,
      "21": 193,
      "22": 167,
      "23": 168,
      "24": 160,
      "25": 199,
      "26": 189,
      "27": 162,
      "28": 154,
      "29": 130,
      "30": 112,
      "31": 99,
      "32": 81,
      "33": 34,
      "34": 22,
      "35": 11,
      "36": 5,
      "37": 4,
      "38": 2
    },
    "goldPerRun": {
      "mean": 5895.6889,
      "median": 2663,
      "min": 11,
      "max": 31628,
      "stdDev": 6853.877510352576
    },
    "goldPerFloor": {
      "1": {
        "mean": 83.3984,
        "samples": 10000
      },
      "2": {
        "mean": 135.0677894736842,
        "samples": 9500
      },
      "3": {
        "mean": 196.2968445209409,
        "samples": 8715
      },
      "4": {
        "mean": 243.34769651061717,
        "samples": 8053
      },
      "5": {
        "mean": 291.1164598390836,
        "samples": 7333
      },
      "6": {
        "mean": 339.5296817172465,
        "samples": 6755
      },
      "7": {
        "mean": 394.17282150955623,
        "samples": 6174
      },
      "8": {
        "mean": 447.511583011583,
        "samples": 5698
      },
      "9": {
        "mean": 507.8930542340628,
        "samples": 5255
      },
      "10": {
        "mean": 566.1087226126499,
        "samples": 4838
      },
      "11": {
        "mean": 640.2562959661244,
        "samples": 4487
      },
      "12": {
        "mean": 700.7448374080228,
        "samples": 4213
      },
      "13": {
        "mean": 743.6903787103378,
        "samples": 3908
      },
      "14": {
        "mean": 780.8310754769145,
        "samples": 3617
      },
      "15": {
        "mean": 816.1694252181763,
        "samples": 3323
      },
      "16": {
        "mean": 852.9491193737769,
        "samples": 3066
      },
      "17": {
        "mean": 889.9128869690425,
        "samples": 2778
      },
      "18": {
        "mean": 927.0625248904819,
        "samples": 2511
      },
      "19": {
        "mean": 959.7068815331011,
        "samples": 2296
      },
      "20": {
        "mean": 1003.0266033254156,
        "samples": 2105
      },
      "21": {
        "mean": 1042.6723044397463,
        "samples": 1892
      },
      "22": {
        "mean": 1073.0535609181873,
        "samples": 1699
      },
      "23": {
        "mean": 1079.5391644908616,
        "samples": 1532
      },
      "24": {
        "mean": 1084.4816715542522,
        "samples": 1364
      },
      "25": {
        "mean": 1068.6204318936877,
        "samples": 1204
      },
      "26": {
        "mean": 1074.6587064676617,
        "samples": 1005
      },
      "27": {
        "mean": 1063.2242647058824,
        "samples": 816
      },
      "28": {
        "mean": 1047.1681957186545,
        "samples": 654
      },
      "29": {
        "mean": 1069.072,
        "samples": 500
      },
      "30": {
        "mean": 1032.8756756756757,
        "samples": 370
      },
      "31": {
        "mean": 1038.3217054263566,
        "samples": 258
      },
      "32": {
        "mean": 976.5723270440252,
        "samples": 159
      },
      "33": {
        "mean": 1024.3076923076924,
        "samples": 78
      },
      "34": {
        "mean": 1036.6363636363637,
        "samples": 44
      },
      "35": {
        "mean": 956.2727272727273,
        "samples": 22
      },
      "36": {
        "mean": 881.6363636363636,
        "samples": 11
      },
      "37": {
        "mean": 1041.3333333333333,
        "samples": 6
      },
      "38": {
        "mean": 747.5,
        "samples": 2
      }
    },
    "itemPurchaseRate": {
      "shield-orb": 7.7946,
      "heal-potion": 6.8591,
      "max-hp-up": 5.4177,
      "gold-magnet": 6.2238,
      "reveal-scroll": 5.2943
    },
    "itemPurchaseByFloor": {
      "shield-orb": {
        "1": 4442,
        "2": 6332,
        "3": 5840,
        "4": 5611,
        "5": 5202,
        "6": 4726,
        "7": 4365,
        "8": 4011,
        "9": 3665,
        "10": 3422,
        "11": 3239,
        "12": 2983,
        "13": 2771,
        "14": 2581,
        "15": 2341,
        "16": 2129,
        "17": 1962,
        "18": 1737,
        "19": 1635,
        "20": 1438,
        "21": 1330,
        "22": 1171,
        "23": 1062,
        "24": 905,
        "25": 769,
        "26": 639,
        "27": 509,
        "28": 401,
        "29": 278,
        "30": 197,
        "31": 122,
        "32": 60,
        "33": 38,
        "34": 17,
        "35": 9,
        "36": 6,
        "37": 1
      },
      "heal-potion": {
        "1": 4956,
        "2": 2685,
        "3": 5095,
        "4": 4856,
        "5": 4713,
        "6": 4330,
        "7": 3972,
        "8": 3656,
        "9": 3343,
        "10": 3148,
        "11": 2960,
        "12": 2733,
        "13": 2545,
        "14": 2388,
        "15": 2126,
        "16": 1923,
        "17": 1811,
        "18": 1610,
        "19": 1496,
        "20": 1345,
        "21": 1207,
        "22": 1093,
        "23": 945,
        "24": 837,
        "25": 702,
        "26": 600,
        "27": 464,
        "28": 366,
        "29": 261,
        "30": 188,
        "31": 112,
        "32": 57,
        "33": 35,
        "34": 17,
        "35": 9,
        "36": 6,
        "37": 1
      },
      "max-hp-up": {
        "1": 602,
        "2": 2902,
        "3": 4176,
        "4": 4227,
        "5": 3971,
        "6": 3616,
        "7": 3284,
        "8": 2982,
        "9": 2836,
        "10": 2610,
        "11": 2473,
        "12": 2256,
        "13": 2052,
        "14": 2032,
        "15": 1759,
        "16": 1648,
        "17": 1479,
        "18": 1319,
        "19": 1210,
        "20": 1101,
        "21": 1007,
        "22": 904,
        "23": 797,
        "24": 662,
        "25": 569,
        "26": 497,
        "27": 372,
        "28": 293,
        "29": 205,
        "30": 151,
        "31": 91,
        "32": 41,
        "33": 27,
        "34": 12,
        "35": 8,
        "36": 5,
        "37": 1
      },
      "gold-magnet": {
        "1": 2846,
        "2": 4790,
        "3": 4883,
        "4": 4502,
        "5": 4182,
        "6": 3857,
        "7": 3527,
        "8": 3275,
        "9": 2955,
        "10": 2839,
        "11": 2593,
        "12": 2455,
        "13": 2283,
        "14": 2067,
        "15": 1926,
        "16": 1739,
        "17": 1564,
        "18": 1401,
        "19": 1328,
        "20": 1199,
        "21": 1054,
        "22": 960,
        "23": 862,
        "24": 740,
        "25": 634,
        "26": 494,
        "27": 385,
        "28": 318,
        "29": 217,
        "30": 165,
        "31": 95,
        "32": 50,
        "33": 31,
        "34": 12,