{
  "config": {
    "runs": 10000,
    "startingUpgrades": {
      "vitality": 0,
      "fortune": 0,
      "preparation": 0,
      "resilience": 0,
      "firstClickSafety": false
    },
    "startingFloor": 1,
    "seed": null,
    "strategy": {
      "itemWeights": {
        "heal-potion": 0.5,
        "max-hp-up": 1,
        "shield-orb": 1,
        "gold-magnet": 3,
        "reveal-scroll": 0.6
      },
      "lowHpThreshold": 0.5,
      "lowHpHealMultiplier": 5,
      "noShieldMultiplier": 3,
      "goldReserve": 20,
      "upgradePriority": [
        "vitality",
        "resilience",
        "fortune",
        "firstClickSafety",
        "preparation"
      ]
    },
    "mode": "session",
    "sessions": 100,
    "runsPerSession": 10
  },
  "stats": {
    "runCount": 1000,
    "floorReached": {
      "mean": 11.924,
      "median": 10,
      "min": 1,
      "max": 35,
      "p10": 2,
      "p25": 5,
      "p75": 18,
      "p90": 25,
      "stdDev": 8.387146356180986
    },
    "deathsByFloor": {
      "1": 46,
      "2": 62,
      "3": 63,
      "4": 62,
      "5": 65,
      "6": 56,
      "7": 48,
      "8": 38,
      "9": 40,
      "10": 27,
      "11": 35,
      "12": 31,
      "13": 43,
      "14": 35,
      "15": 27,
      "16": 33,
      "17": 32,
      "18": 35,
      "19": 24,
      "20": 18,
      "21": 18,
      "22": 16,
      "23": 22,
      "24": 18,
      "25": 11,
      "26": 17,
      "27": 17,
      "28": 20,
      "29": 10,
      "30": 13,
      "31": 11,
      "32": 3,
      "33": 1,
      "34": 2,
      "35": 1
    },
    "goldPerRun": {
      "mean": 40700.898,
      "median": 16386,
      "min": 71,
      "max": 249491,
      "stdDev": 51363.79148728796
    },
    "goldPerFloor": {
      "1": {
        "mean": 871.917,
        "samples": 1000
      },
      "2": {
        "mean": 1161.3259958071278,
        "samples": 954
      },
      "3": {
        "mean": 1439.7522421524664,
        "samples": 892
      },
      "4": {
        "mean": 1676.9867310012062,
        "samples": 829
      },
      "5": {
        "mean": 1963.7366362451107,
        "samples": 767
      },
      "6": {
        "mean": 2317.0498575498577,
        "samples": 702
      },
      "7": {
        "mean": 2590.264705882353,
        "samples": 646
      },
      "8": {
        "mean": 3001.252508361204,
        "samples": 598
      },
      "9": {
        "mean": 3416.9357142857143,
        "samples": 560
      },
      "10": {
        "mean": 3788.103846153846,
        "samples": 520
      },
      "11": {
        "mean": 4121.906693711968,
        "samples": 493
      },
      "12": {
        "mean": 4719.3580786026205,
        "samples": 458
      },
      "13": {
        "mean": 5042.379391100702,
        "samples": 427
      },
      "14": {
        "mean": 5188.666666666667,
        "samples": 384
      },
      "15": {
        "mean": 5364.309455587392,
        "samples": 349
      },
      "16": {
        "mean": 5565.832298136646,
        "samples": 322
      },
      "17": {
        "mean": 5816.768166089965,
        "samples": 289
      },
      "18": {
        "mean": 6113.369649805448,
        "samples": 257
      },
      "19": {
        "mean": 6325.153153153153,
        "samples": 222
      },
      "20": {
        "mean": 6901.333333333333,
        "samples": 198
      },
      "21": {
        "mean": 6916.672222222222,
        "samples": 180
      },
      "22": {
        "mean": 7252.320987654321,
        "samples": 162
      },
      "23": {
        "mean": 7372.561643835616,
        "samples": 146
      },
      "24": {
        "mean": 7341.572580645161,
        "samples": 124
      },
      "25": {
        "mean": 6902.924528301887,
        "samples": 106
      },
      "26": {
        "mean": 7190.494736842105,
        "samples": 95
      },
      "27": {
        "mean": 7629.525641025641,
        "samples": 78
      },
      "28": {
        "mean": 6574.9672131147545,
        "samples": 61
      },
      "29": {
        "mean": 6263.073170731707,
        "samples": 41
      },
      "30": {
        "mean": 7088.774193548387,
        "samples": 31
      },
      "31": {
        "mean": 6911.5,
        "samples": 18
      },
      "32": {
        "mean": 8206.42857142857,
        "samples": 7
      },
      "33": {
        "mean": 7520.75,
        "samples": 4
      },
      "34": {
        "mean": 6321.333333333333,
        "samples": 3
      },
      "35": {
        "mean": 11154,
        "samples": 1
      }
    },
    "itemPurchaseRate": {
      "shield-orb": 8.349,
      "heal-potion": 7.581,
      "max-hp-up": 6.235,
      "gold-magnet": 6.755,
      "reveal-scroll": 6.052
    },
    "itemPurchaseByFloor": {
      "shield-orb": {
        "1": 716,
        "2": 678,
        "3": 617,
        "4": 589,
        "5": 539,
        "6": 486,
        "7": 465,
        "8": 433,
        "9": 411,
        "10": 389,
        "11": 345,
        "12": 335,
        "13": 303,
        "14": 245,
        "15": 242,
        "16": 196,
        "17": 197,
        "18": 165,
        "19": 162,
        "20": 138,
        "21": 130,
        "22": 115,
        "23": 93,
        "24": 89,
        "25": 76,
        "26": 56,
        "27": 50,
        "28": 35,
        "29": 26,
        "30": 14,
        "31": 6,
        "32": 4,
        "33": 3,
        "34": 1
      },
      "heal-potion": {
        "1": 630,
        "2": 596,
        "3": 552,
        "4": 537,
        "5": 510,
        "6": 429,
        "7": 426,
        "8": 391,
        "9": 372,
        "10": 339,
        "11": 326,
        "12": 302,
        "13": 276,
        "14": 237,
        "15": 214,
        "16": 178,
        "17": 184,
        "18": 151,
        "19": 146,
        "20": 128,
        "21": 118,
        "22": 109,
        "23": 93,
        "24": 80,
        "25": 76,
        "26": 53,
        "27": 50,
        "28": 31,
        "29": 22,
        "30": 13,
        "31": 5,
        "32": 3,
        "33": 3,
        "34": 1
      },
      "max-hp-up": {
        "1": 490,
        "2": 470,
        "3": 483,
        "4": 446,
        "5": 431,
        "6": 367,
        "7": 337,
        "8": 309,
        "9": 316,
        "10": 299,
        "11": 266,
        "12": 243,
        "13": 225,
        "14": 194,
        "15": 186,
        "16": 141,
        "17": 149,
        "18": 129,
        "19": 120,
        "20": 107,
        "21": 92,
        "22": 83,
        "23": 73,
        "24": 70,
        "25": 55,
        "26": 42,
        "27": 40,
        "28": 31,
        "29": 20,
        "30": 11,
        "31": 2,
        "32": 4,
        "33": 3,
        "34": 1
      },
      "gold-magnet": {
        "1": 557,
        "2": 549,
        "3": 493,
        "4": 478,
        "5": 449,
        "6": 389,
        "7": 371,
        "8": 359,
        "9": 322,
        "10": 284,
        "11": 286,
        "12": 278,
        "13": 243,
        "14": 225,
        "15": 190,
        "16": 176,
        "17": 158,
        "18": 135,
        "19": 132,
        "20": 107,
        "21": 102,
        "22": 94,
        "23": 79,
        "24": 66,
        "25": 67,
        "26": 59,
        "27": 38,
        "28": 25,
        "29": 20,
        "30": 13,
        "31": 6,
        "32": 2,
        "33": 2,
        "34": 1
      },
      "reveal-scroll": {
        "1": 475,
        "2": 505,
        "3": 435,
        "4": 414,
        "5": 406,
        "6": 360,
        "7": 347,
        "8": 309,
        "9": 307,
        "10": 279,
        "11": 232,
        "12": 246,
        "13": 217,
        "14": 200,
        "15": 170,
        "16": 160,
        "17": 147,
        "18": 124,
        "19": 115,
        "20": 91,
        "21": 96,
        "22": 88,
        "23": 72,
        "24": 63,
        "25": 56,
        "26": 43,
        "27": 36,
        "28": 27,
        "29": 17,
        "30": 8,
        "31": 5,
        "32": 1,
        "33": 1
      }
    },
    "averageDamageBlocked": 1.44,