{
  "config": {
    "runs": 1000,
    "startingUpgrades": {
      "vitality": 0,
      "fortune": 0,
      "preparation": 0,
      "resilience": 0,
      "firstClickSafety": false
    },
    "startingFloor": 1,
    "seed": null,
    "strategy": {
      "itemWeights": {
        "heal-potion": 0.5,
        "max-hp-up": 1,
        "shield-orb": 1,
        "gold-magnet": 3,
        "peek-scroll": 0.8
      },
      "lowHpThreshold": 0.5,
      "lowHpHealMultiplier": 5,
      "noShieldMultiplier": 3,
      "goldReserve": 20,
      "upgradePriority": [
        "vitality",
        "resilience",
        "fortune",
        "firstClickSafety",
        "preparation"
      ]
    },
    "mode": "single",
    "sessions": 100,
    "runsPerSession": 20
  },
  "stats": {
    "runCount": 1000,
    "floorReached": {
      "mean": 9.984,
      "median": 8,
      "min": 1,
      "max": 39,
      "p10": 2,
      "p25": 4,
      "p75": 15,
      "p90": 20,
      "stdDev": 7.310659614562834
    },
    "deathsByFloor": {
      "1": 45,
      "2": 86,
      "3": 70,
      "4": 78,
      "5": 80,
      "6": 50,
      "7": 63,
      "8": 50,
      "9": 50,
      "10": 40,
      "11": 32,
      "12": 33,
      "13": 35,
      "14": 31,
      "15": 32,
      "16": 36,
      "17": 36,
      "18": 18,
      "19": 17,
      "20": 21,
      "21": 15,
      "22": 10,
      "23": 8,
      "24": 13,
      "25": 9,
      "26": 10,
      "27": 4,
      "28": 5,
      "29": 4,
      "30": 5,
      "31": 7,
      "32": 4,
      "33": 1,
      "35": 1,
      "39": 1
    },
    "goldPerRun": {
      "mean": 3307.639,
      "median": 1593,
      "min": 69,
      "max": 24929,
      "stdDev": 4021.359469965227
    },
    "goldPerFloor": {
      "1": {
        "mean": 83.463,
        "samples": 1000
      },
      "2": {
        "mean": 115.62722513089005,
        "samples": 955
      },
      "3": {
        "mean": 148.20023014959725,
        "samples": 869
      },
      "4": {
        "mean": 179.56320400500627,
        "samples": 799
      },
      "5": {
        "mean": 213.69625520110958,
        "samples": 721
      },
      "6": {
        "mean": 248.42745709828392,
        "samples": 641
      },
      "7": {
        "mean": 288.34517766497464,
        "samples": 591
      },
      "8": {
        "mean": 325.07954545454544,
        "samples": 528
      },
      "9": {
        "mean": 369.23221757322176,
        "samples": 478
      },
      "10": {
        "mean": 416.7266355140187,
        "samples": 428
      },
      "11": {
        "mean": 473.85309278350513,
        "samples": 388
      },
      "12": {
        "mean": 514.7022471910112,
        "samples": 356
      },
      "13": {
        "mean": 546.0866873065015,
        "samples": 323
      },
      "14": {
        "mean": 590,
        "samples": 288
      },
      "15": {
        "mean": 588.1284046692607,
        "samples": 257
      },
      "16": {
        "mean": 601.9155555555556,
        "samples": 225
      },
      "17": {
        "mean": 647.7248677248677,
        "samples": 189
      },
      "18": {
        "mean": 680.7973856209151,
        "samples": 153
      },
      "19": {
        "mean": 707.9777777777778,
        "samples": 135
      },
      "20": {
        "mean": 724.6694915254237,
        "samples": 118
      },
      "21": {
        "mean": 748.7525773195877,
        "samples": 97
      },
      "22": {
        "mean": 765.8048780487804,
        "samples": 82
      },
      "23": {
        "mean": 764.5,
        "samples": 72
      },
      "24": {
        "mean": 809.4375,
        "samples": 64
      },
      "25": {
        "mean": 780.3529411764706,
        "samples": 51
      },
      "26": {
        "mean": 803.0238095238095,
        "samples": 42
      },
      "27": {
        "mean": 829.9375,
        "samples": 32
      },
      "28": {
        "mean": 866.5714285714286,
        "samples": 28
      },
      "29": {
        "mean": 784.6521739130435,
        "samples": 23
      },
      "30": {
        "mean": 795.0526315789474,
        "samples": 19
      },
      "31": {
        "mean": 744.7857142857143,
        "samples": 14
      },
      "32": {
        "mean": 650,
        "samples": 7
      },
      "33": {
        "mean": 732,
        "samples": 3
      },
      "34": {
        "mean": 850,
        "samples": 2
      },
      "35": {
        "mean": 681.5,
        "samples": 2
      },
      "36": {
        "mean": 1370,
        "samples": 1
      },
      "37": {
        "mean": 873,
        "samples": 1
      },
      "38": {
        "mean": 880,
        "samples": 1
      },
      "39": {
        "mean": 495,
        "samples": 1
      }
    },
    "itemPurchaseRate": {
      "peek-scroll": 2.344,
      "shield-orb": 4.981,
      "heal-potion": 4.966,
      "max-hp-up": 2.291,
      "gold-magnet": 0.968
    },
    "itemPurchaseByFloor": {
      "peek-scroll": {
        "1": 169,
        "2": 211,
        "3": 237,
        "4": 177,
        "5": 159,
        "6": 152,
        "7": 159,
        "8": 126,
        "9": 117,
        "10": 102,
        "11": 94,
        "12": 104,
        "13": 71,
        "14": 72,
        "15": 65,
        "16": 46,
        "17": 47,
        "18": 46,
        "19": 34,
        "20": 38,
        "21": 22,
        "22": 23,
        "23": 13,
        "24": 15,
        "25": 8,
        "26": 6,
        "27": 9,
        "28": 4,
        "29": 6,
        "30": 5,
        "31": 3,
        "33": 1,
        "34": 2,
        "37": 1
      },
      "shield-orb": {
        "1": 473,
        "2": 499,
        "3": 428,
        "4": 401,
        "5": 359,
        "6": 332,
        "7": 295,
        "8": 276,
        "9": 237,
        "10": 211,
        "11": 200,
        "12": 176,
        "13": 154,
        "14": 151,
        "15": 134,
        "16": 104,
        "17": 84,
        "18": 87,
        "19": 68,
        "20": 47,
        "21": 52,
        "22": 37,
        "23": 40,
        "24": 35,
        "25": 23,
        "26": 20,
        "27": 13,
        "28": 16,
        "29": 8,
        "30": 8,
        "31": 6,
        "32": 2,
        "33": 2,
        "35": 1,
        "36": 1,
        "38": 1
      },
      "heal-potion": {
        "1": 390,
        "2": 476,
        "3": 473,
        "4": 421,
        "5": 368,
        "6": 330,
        "7": 305,
        "8": 271,
        "9": 250,
        "10": 209,
        "11": 193,
        "12": 181,
        "13": 167,
        "14": 143,
        "15": 137,
        "16": 108,
        "17": 93,
        "18": 64,
        "19": 68,
        "20": 51,
        "21": 47,
        "22": 47,
        "23": 41,
        "24": 28,
        "25": 25,
        "26": 16,
        "27": 17,
        "28": 15,
        "29": 13,
        "30": 8,
        "31": 4,
        "32": 2,
        "33": 1,
        "34": 2,
        "36": 1,
        "37": 1
      },
      "max-hp-up": {
        "1": 144,
        "2": 192,
        "3": 228,
        "4": 188,
        "5": 177,
        "6": 153,
        "7": 128,
        "8": 129,
        "9": 130,
        "10": 105,
        "11": 109,
        "12": 83,
        "13": 84,
        "14": 72,
        "15": 61,
        "16": 61,
        "17": 40,
        "18": 38,
        "19": 32,
        "20": 23,
        "21": 24,
        "22": 19,
        "23": 12,
        "24": 16,
        "25": 9,
        "26": 12,
        "27": 6,
        "28": 5,
        "29": 5,
        "30": 4,
        "31": 1,
        "38": 1
      },
      "gold-magnet": {
        "1": 82,
        "2": 94,
        "3": 91,
        "4": 83,
        "5": 63,
        "6": 67,
        "7": 50,
        "8": 49,
        "9": 47,
        "10": 52,
        "11": 40,
        "12": 40,
        "13": 47,
        "14": 24,
        "15": 17,
        "16": 24,
        "17": 17,
        "18": 15,
        "19": 13,
        "20": 9,
        "21": 5,
        "22": 3,
        "23": 10,
        "24": 4,
        "25": 6,
        "26": 4,
        "27": 6,
        "28": 1,