{
  "config": {
    "runs": 1000,
    "startingUpgrades": {
      "vitality": 0,
      "fortune": 0,
      "preparation": 0,
      "resilience": 0,
      "firstClickSafety": false
    },
    "startingFloor": 1,
    "seed": null,
    "strategy": {
      "itemWeights": {
        "heal-potion": 0.5,
        "max-hp-up": 1,
        "shield-orb": 1,
        "gold-magnet": 3,
        "reveal-scroll": 0.6
      },
      "lowHpThreshold": 0.5,
      "lowHpHealMultiplier": 5,
      "noShieldMultiplier": 3,
      "goldReserve": 20,
      "upgradePriority": [
        "vitality",
        "resilience",
        "fortune",
        "firstClickSafety",
        "preparation"
      ]
    },
    "mode": "single",
    "sessions": 100,
    "runsPerSession": 20
  },
  "stats": {
    "runCount": 1000,
    "floorReached": {
      "mean": 11.512,
      "median": 9,
      "min": 1,
      "max": 34,
      "p10": 2,
      "p25": 4,
      "p75": 18,
      "p90": 25,
      "stdDev": 8.677318479807006
    },
    "deathsByFloor": {
      "1": 51,
      "2": 83,
      "3": 79,
      "4": 67,
      "5": 57,
      "6": 57,
      "7": 44,
      "8": 37,
      "9": 37,
      "10": 40,
      "11": 28,
      "12": 29,
      "13": 28,
      "14": 33,
      "15": 25,
      "16": 25,
      "17": 22,
      "18": 26,
      "19": 22,
      "20": 24,
      "21": 18,
      "22": 18,
      "23": 19,
      "24": 14,
      "25": 24,
      "26": 17,
      "27": 14,
      "28": 11,
      "29": 17,
      "30": 12,
      "31": 11,
      "32": 6,
      "33": 2,
      "34": 3
    },
    "goldPerRun": {
      "mean": 5806.396,
      "median": 2660,
      "min": 70,
      "max": 29558,
      "stdDev": 6746.8662985999645
    },
    "goldPerFloor": {
      "1": {
        "mean": 83.402,
        "samples": 1000
      },
      "2": {
        "mean": 135.51211801896733,
        "samples": 949
      },
      "3": {
        "mean": 196.7540415704388,
        "samples": 866
      },
      "4": {
        "mean": 239.57560355781447,
        "samples": 787
      },
      "5": {
        "mean": 291.5263888888889,
        "samples": 720
      },
      "6": {
        "mean": 338.0920060331825,
        "samples": 663
      },
      "7": {
        "mean": 399.009900990099,
        "samples": 606
      },
      "8": {
        "mean": 456.7419928825623,
        "samples": 562
      },
      "9": {
        "mean": 502.6095238095238,
        "samples": 525
      },
      "10": {
        "mean": 565.6926229508197,
        "samples": 488
      },
      "11": {
        "mean": 650.7834821428571,
        "samples": 448
      },
      "12": {
        "mean": 704.2047619047619,
        "samples": 420
      },
      "13": {
        "mean": 741.5191815856778,
        "samples": 391
      },
      "14": {
        "mean": 767.1900826446281,
        "samples": 363
      },
      "15": {
        "mean": 812.239393939394,
        "samples": 330
      },
      "16": {
        "mean": 834.0688524590164,
        "samples": 305
      },
      "17": {
        "mean": 881.1857142857143,
        "samples": 280
      },
      "18": {
        "mean": 932.0426356589147,
        "samples": 258
      },
      "19": {
        "mean": 937.301724137931,
        "samples": 232
      },
      "20": {
        "mean": 982.4428571428572,
        "samples": 210
      },
      "21": {
        "mean": 1061.0806451612902,
        "samples": 186
      },
      "22": {
        "mean": 1047.767857142857,
        "samples": 168
      },
      "23": {
        "mean": 1075.64,
        "samples": 150
      },
      "24": {
        "mean": 1063.4809160305344,
        "samples": 131
      },
      "25": {
        "mean": 1086.162393162393,
        "samples": 117
      },
      "26": {
        "mean": 1083.9569892473119,
        "samples": 93
      },
      "27": {
        "mean": 1004.7368421052631,
        "samples": 76
      },
      "28": {
        "mean": 1101.758064516129,
        "samples": 62
      },
      "29": {
        "mean": 1022.5686274509804,
        "samples": 51
      },
      "30": {
        "mean": 1003.5588235294117,
        "samples": 34
      },
      "31": {
        "mean": 1024.2272727272727,
        "samples": 22
      },
      "32": {
        "mean": 1030.8181818181818,
        "samples": 11
      },
      "33": {
        "mean": 913.8,
        "samples": 5
      },
      "34": {
        "mean": 843.6666666666666,
        "samples": 3
      }
    },
    "itemPurchaseRate": {
      "gold-magnet": 6.123,
      "max-hp-up": 5.368,
      "shield-orb": 7.68,
      "heal-potion": 6.718,
      "reveal-scroll": 5.248
    },
    "itemPurchaseByFloor": {
      "gold-magnet": {
        "1": 290,
        "2": 483,
        "3": 453,
        "4": 444,
        "5": 405,
        "6": 392,
        "7": 368,
        "8": 315,
        "9": 299,
        "10": 298,
        "11": 262,
        "12": 243,
        "13": 218,
        "14": 202,
        "15": 177,
        "16": 168,
        "17": 165,
        "18": 132,
        "19": 125,
        "20": 124,
        "21": 97,
        "22": 94,
        "23": 77,
        "24": 78,
        "25": 60,
        "26": 37,
        "27": 41,
        "28": 30,
        "29": 19,
        "30": 15,
        "31": 8,
        "32": 2,
        "33": 2
      },
      "max-hp-up": {
        "1": 60,
        "2": 292,
        "3": 416,
        "4": 400,
        "5": 386,
        "6": 371,
        "7": 319,
        "8": 318,
        "9": 280,
        "10": 260,
        "11": 260,
        "12": 222,
        "13": 226,
        "14": 190,
        "15": 168,
        "16": 162,
        "17": 155,
        "18": 118,
        "19": 126,
        "20": 107,
        "21": 98,
        "22": 90,
        "23": 73,
        "24": 75,
        "25": 55,
        "26": 45,
        "27": 27,
        "28": 29,
        "29": 21,
        "30": 8,
        "31": 7,
        "32": 2,
        "33": 2
      },
      "shield-orb": {
        "1": 432,
        "2": 639,
        "3": 550,
        "4": 546,
        "5": 516,
        "6": 471,
        "7": 421,
        "8": 390,
        "9": 391,
        "10": 343,
        "11": 301,
        "12": 299,
        "13": 285,
        "14": 261,
        "15": 227,
        "16": 221,
        "17": 203,
        "18": 175,
        "19": 160,
        "20": 151,
        "21": 123,
        "22": 108,
        "23": 105,
        "24": 90,
        "25": 75,
        "26": 58,
        "27": 46,
        "28": 36,
        "29": 27,
        "30": 14,
        "31": 9,
        "32": 4,
        "33": 3
      },
      "heal-potion": {
        "1": 488,
        "2": 261,
        "3": 467,
        "4": 477,
        "5": 449,
        "6": 434,
        "7": 383,
        "8": 363,
        "9": 344,
        "10": 311,
        "11": 285,
        "12": 268,
        "13": 259,
        "14": 232,
        "15": 208,
        "16": 204,
        "17": 199,
        "18": 150,
        "19": 139,
        "20": 141,
        "21": 110,
        "22": 99,
        "23": 99,
        "24": 87,
        "25": 70,
        "26": 54,
        "27": 46,
        "28": 36,
        "29": 26,
        "30": 14,
        "31": 8,
        "32": 4,
        "33": 3
      },
      "reveal-scroll": {
        "1": 78,
        "2": 345,
        "3": 379,
        "4": 401,
        "5": 374,
        "6": 353,
        "7": 307,
        "8": 295,
        "9": 274,
        "10": 259,
        "11": 231,
        "12": 210,
        "13": 219,
        "14": 185,
        "15": 175,
        "16": 152,
        "17": 158,
        "18": 114,
        "19": 119,
        "20": 101,
        "21": 86,
        "22": 75,
        "23": 78,
        "24": 70,
        "25": 53,
        "26": 50,
        "27": 35,
        "28": 30,
        "29": 18,
        "30": 13,
        "31": 4,
        "32": 5,
        "33": 2
      }
    },
    "averageDamageBlocked": 1.249,
    "averageDamageTaken": 0.196,
    "survivalRateByFloor": {
      "1": 1,
      "2": 0.949,
      "3": 0.866,
      "4": 0.787,
      "5": 0.72,