{
  "config": {
    "runs": 1000,
    "startingUpgrades": {
      "vitality": 0,
      "fortune": 0,
      "preparation": 0,
      "resilience": 0,
      "firstClickSafety": false
    },
    "startingFloor": 1,
    "seed": null,
    "strategy": {
      "itemWeights": {
        "heal-potion": 0.5,
        "max-hp-up": 1,
        "shield-orb": 1,
        "gold-magnet": 3,
        "reveal-scroll": 0.6
      },
      "lowHpThreshold": 0.5,
      "lowHpHealMultiplier": 5,
      "noShieldMultiplier": 3,
      "goldReserve": 20,
      "upgradePriority": [
        "vitality",
        "resilience",
        "fortune",
        "firstClickSafety",
        "preparation"
      ]
    },
    "mode": "single",
    "sessions": 100,
    "runsPerSession": 20
  },
  "stats": {
    "runCount": 1000,
    "floorReached": {
      "mean": 11.678,
      "median": 10,
      "min": 1,
      "max": 36,
      "p10": 2,
      "p25": 4,
      "p75": 18,
      "p90": 25,
      "stdDev": 8.5981577096492
    },
    "deathsByFloor": {
      "1": 57,
      "2": 75,
      "3": 65,
      "4": 74,
      "5": 60,
      "6": 50,
      "7": 43,
      "8": 37,
      "9": 31,
      "10": 37,
      "11": 28,
      "12": 32,
      "13": 29,
      "14": 28,
      "15": 22,
      "16": 36,
      "17": 37,
      "18": 31,
      "19": 27,
      "20": 27,
      "21": 25,
      "22": 17,
      "23": 15,
      "24": 15,
      "25": 15,
      "26": 13,
      "27": 11,
      "28": 14,
      "29": 10,
      "30": 12,
      "31": 13,
      "32": 5,
      "33": 2,
      "34": 4,
      "35": 2,
      "36": 1
    },
    "goldPerRun": {
      "mean": 5922.517,
      "median": 2915,
      "min": 70,
      "max": 30379,
      "stdDev": 6708.037873604399
    },
    "goldPerFloor": {
      "1": {
        "mean": 83.324,
        "samples": 1000
      },
      "2": {
        "mean": 134.16224814422057,
        "samples": 943
      },
      "3": {
        "mean": 198.786866359447,
        "samples": 868
      },
      "4": {
        "mean": 247.10211706102118,
        "samples": 803
      },
      "5": {
        "mean": 295.18792866941016,
        "samples": 729
      },
      "6": {
        "mean": 340.17488789237666,
        "samples": 669
      },
      "7": {
        "mean": 391.21647819063,
        "samples": 619
      },
      "8": {
        "mean": 448.43402777777777,
        "samples": 576
      },
      "9": {
        "mean": 516.7625231910946,
        "samples": 539
      },
      "10": {
        "mean": 568.246062992126,
        "samples": 508
      },
      "11": {
        "mean": 641.8450106157112,
        "samples": 471
      },
      "12": {
        "mean": 697.7562076749435,
        "samples": 443
      },
      "13": {
        "mean": 753.3065693430657,
        "samples": 411
      },
      "14": {
        "mean": 777.696335078534,
        "samples": 382
      },
      "15": {
        "mean": 835.9548022598871,
        "samples": 354
      },
      "16": {
        "mean": 866.8493975903615,
        "samples": 332
      },
      "17": {
        "mean": 878.3412162162163,
        "samples": 296
      },
      "18": {
        "mean": 931.0772200772201,
        "samples": 259
      },
      "19": {
        "mean": 952.6052631578947,
        "samples": 228
      },
      "20": {
        "mean": 974.1890547263681,
        "samples": 201
      },
      "21": {
        "mean": 1045.0057471264367,
        "samples": 174
      },
      "22": {
        "mean": 1107.8456375838925,
        "samples": 149
      },
      "23": {
        "mean": 1075.8181818181818,
        "samples": 132
      },
      "24": {
        "mean": 1036.4786324786326,
        "samples": 117
      },
      "25": {
        "mean": 1059.2254901960785,
        "samples": 102
      },
      "26": {
        "mean": 1067.183908045977,
        "samples": 87
      },
      "27": {
        "mean": 1063.9594594594594,
        "samples": 74
      },
      "28": {
        "mean": 1067.079365079365,
        "samples": 63
      },
      "29": {
        "mean": 1094.1020408163265,
        "samples": 49
      },
      "30": {
        "mean": 1100.1025641025642,
        "samples": 39
      },
      "31": {
        "mean": 1002.7777777777778,
        "samples": 27
      },
      "32": {
        "mean": 1013.5714285714286,
        "samples": 14
      },
      "33": {
        "mean": 1110.3333333333333,
        "samples": 9
      },
      "34": {
        "mean": 1018.1428571428571,
        "samples": 7
      },
      "35": {
        "mean": 960.6666666666666,
        "samples": 3
      },
      "36": {
        "mean": 501,
        "samples": 1
      }
    },
    "itemPurchaseRate": {
      "gold-magnet": 6.348,
      "reveal-scroll": 5.397,
      "shield-orb": 7.838,
      "heal-potion": 6.887,
      "max-hp-up": 5.502
    },
    "itemPurchaseByFloor": {
      "gold-magnet": {
        "1": 272,
        "2": 497,
        "3": 511,
        "4": 468,
        "5": 414,
        "6": 376,
        "7": 356,
        "8": 350,
        "9": 314,
        "10": 300,
        "11": 269,
        "12": 268,
        "13": 237,
        "14": 235,
        "15": 221,
        "16": 181,
        "17": 167,
        "18": 139,
        "19": 118,
        "20": 114,
        "21": 103,
        "22": 82,
        "23": 64,
        "24": 60,
        "25": 52,
        "26": 43,
        "27": 39,
        "28": 32,
        "29": 28,
        "30": 17,
        "31": 8,
        "32": 6,
        "33": 5,
        "34": 2
      },
      "reveal-scroll": {
        "1": 71,
        "2": 319,
        "3": 401,
        "4": 423,
        "5": 363,
        "6": 367,
        "7": 326,
        "8": 302,
        "9": 267,
        "10": 290,
        "11": 257,
        "12": 231,
        "13": 239,
        "14": 194,
        "15": 195,
        "16": 184,
        "17": 138,
        "18": 120,
        "19": 119,
        "20": 99,
        "21": 79,
        "22": 68,
        "23": 61,
        "24": 53,
        "25": 51,
        "26": 45,
        "27": 37,
        "28": 29,
        "29": 29,
        "30": 16,
        "31": 8,
        "32": 7,
        "33": 6,
        "34": 3
      },
      "shield-orb": {
        "1": 445,
        "2": 633,
        "3": 568,
        "4": 568,
        "5": 527,
        "6": 470,
        "7": 432,
        "8": 405,
        "9": 380,
        "10": 383,
        "11": 340,
        "12": 324,
        "13": 296,
        "14": 268,
        "15": 241,
        "16": 224,
        "17": 203,
        "18": 156,
        "19": 151,
        "20": 135,
        "21": 119,
        "22": 98,
        "23": 84,
        "24": 78,
        "25": 75,
        "26": 62,
        "27": 49,
        "28": 37,
        "29": 35,
        "30": 25,
        "31": 10,
        "32": 8,
        "33": 6,
        "34": 3
      },
      "heal-potion": {
        "1": 488,
        "2": 252,
        "3": 487,
        "4": 502,
        "5": 482,
        "6": 438,
        "7": 413,
        "8": 365,
        "9": 334,
        "10": 338,
        "11": 312,
        "12": 302,
        "13": 279,
        "14": 239,
        "15": 224,
        "16": 215,
        "17": 175,
        "18": 156,
        "19": 144,
        "20": 117,
        "21": 112,
        "22": 88,
        "23": 76,
        "24": 69,
        "25": 62,
        "26": 58,
        "27": 46,
        "28": 31,
        "29": 36,
        "30": 25,
        "31": 6,
        "32": 8,
        "33": 6,
        "34": 2
      },
      "max-hp-up": {
        "1": 56,
        "2": 291,
        "3": 428,
        "4": 411,
        "5": 417,
        "6": 360,
        "7": 336,
        "8": 323,
        "9": 276,
        "10": 271,
        "11": 281,
        "12": 252,
        "13": 227,
        "14": 204,
        "15": 179,
        "16": 169,
        "17": 151,
        "18": 130,
        "19": 118,
        "20": 105,
        "21": 97,
        "22": 76,
        "23": 68,
        "24": 66,
        "25": 51,
        "26": 48,
        "27": 35,
        "28": 22,
        "29": 18,